Home_Elo_Before,Away_Elo_Before,Home_Squad_Exp,Away_Squad_Exp,Home_Squad_Form,Away_Squad_Form,Home_Is_True_Host,Away_Is_True_Host,Match_Result
1500.0,1500.0,0.0,0.0,0.0,0.0,0,1,1
1500.0,1500.0,0.0,0.0,0.0,0.0,1,0,1
1500.0,1500.0,0.0,0.0,0.0,0.0,0,0,1
1500.0,1500.0,0.0,0.0,0.0,0.0,0,0,1
1500.0,1516.0,0.0,0.0,0.0,0.0,0,0,1
1500.0,1484.0,0.0,0.0,0.0,0.0,0,1,1
1516.0,1500.0,0.0,0.0,0.0,0.0,0,0,1
1516.0,1500.0,0.0,0.0,0.0,0.0,1,0,1
1500.0,1484.0,0.0,0.0,0.0,0.0,0,0,1
1515.263693206478,1499.263693206478,0.0,0.0,0.0,0.0,0,0,1
1516.736306793522,1468.736306793522,0.0,0.0,0.0,0.0,0,1,1
1484.0,1484.736306793522,0.0,0.0,0.0,0.0,0,0,1
1484.736306793522,1484.0,0.0,0.0,0.0,0.0,0,0,1
1515.263693206478,1516.0,0.0,0.0,0.0,0.0,0,0,1
1530.5397822532448,1530.5273864129558,0.0,0.0,0.0,0.0,0,0,1
1546.5392114037038,1531.263693206478,0.0,0.0,0.0,0.0,0,1,1
1531.2976013366472,1531.263693206478,0.0,0.0,0.0,0.0,0,0,1
1547.2960398095508,1561.8362007207272,0.0,0.0,0.0,0.0,0,0,1
1500.0,1500.0,0.0,0.0,0.0,0.0,0,0,1
1516.0,1500.0,0.0,0.0,0.0,0.0,0,0,1
1500.0,1500.0,0.0,0.0,0.0,0.0,0,0,1
1484.0,1484.736306793522,0.0,0.0,0.0,0.0,0,0,1
1531.263693206478,1516.0,0.0,0.0,0.0,0.0,0,0,1
1468.7023986633528,1484.0,0.0,0.0,0.0,0.0,0,0,1
1500.0,1500.0,0.0,0.0,0.0,0.0,0,0,1
1500.0,1500.0,0.0,0.0,0.0,0.0,0,0,1
1500.0,1545.1669922078047,0.0,0.0,0.0,0.0,0,0,1
1500.0339081301693,1468.0339081301693,0.0,0.0,0.0,0.0,0,0,1
1484.0,1500.0339081301693,0.0,0.0,0.0,0.0,0,0,1
1546.5612260339533,1515.9667038894545,0.0,0.0,0.0,0.0,0,1,1
1500.7024671725246,1499.9660918698307,0.0,0.0,0.0,0.0,0,0,1
1516.6685558874055,1516.0,0.0,0.0,0.0,0.0,0,0,1
1514.5644066011937,1518.0683779150174,0.0,0.0,0.0,0.0,0,0,1
1561.1559266840031,1500.7378650066732,0.0,0.0,0.0,0.0,0,0,2
1485.4064243463297,1516.0,0.0,0.0,0.0,0.0,0,0,1
1500.030788098403,1530.7257649728026,0.0,0.0,0.0,0.0,0,0,2
1498.5947439013255,1500.0,0.0,0.0,0.0,0.0,0,0,1
1467.2959743170234,1453.5034096591448,0.0,0.0,0.0,0.0,0,0,1
1500.0,1484.0000031549498,0.0,0.0,0.0,0.0,0,0,2
1558.4012833120526,1500.0,0.0,0.0,0.0,0.0,0,0,1
1483.296043123496,1500.0,0.0,0.0,0.0,0.0,0,0,1
1532.6377677890025,1484.0,0.0,0.0,0.0,0.0,0,0,1
1499.2636933514611,1484.736309803489,0.0,0.0,0.0,0.0,0,0,1
1501.4406777556185,1529.3158753155874,0.0,0.0,0.0,0.0,0,0,1
1500.0646966143288,1546.4124337781109,0.0,0.0,0.0,0.0,0,0,2
1514.6594579833284,1518.721630699608,0.0,0.0,0.0,0.0,0,0,1
1501.9070195434083,1514.5950722293965,0.0,0.0,0.0,0.0,0,0,1
1571.7368522321872,1482.661136696518,0.0,0.0,0.0,0.0,0,0,1
1502.186517456911,1544.2906129355288,0.0,0.0,0.0,0.0,0,0,1
1530.8465194264795,1518.4910663482708,0.0,0.0,0.0,0.0,0,0,1
1583.7223401494423,1520.116046331597,0.0,0.0,0.0,0.0,0,0,1
1507.0129325266664,1503.0598162543404,0.0,0.0,0.0,0.0,0,0,1
1596.8254539543732,1546.2777695204102,0.0,0.0,0.0,0.0,0,0,1
1522.8308926501447,1515.2652547335742,0.0,0.0,0.0,0.0,0,0,1
1503.4925083786238,1500.0,0.0,0.0,0.0,0.0,0,0,1
1610.5139332113497,1500.7023986633528,0.0,0.0,0.0,0.0,0,0,1
1563.9652483224734,1468.7023986633528,0.0,0.0,0.0,0.0,0,0,1
1514.5279572624968,1501.3720032394046,0.0,0.0,0.0,0.0,0,1,1
1502.5345692564565,1454.9328313337994,0.0,0.0,0.0,0.0,0,1,1
1575.6849612545057,1519.3316778411756,0.0,0.0,0.0,0.0,0,0,2
1538.48253720766,1487.241856130862,0.0,0.0,0.0,0.0,0,0,1
1552.1397779222689,1521.9043214428625,0.0,0.0,0.0,0.0,0,0,1
1573.112317652819,1473.5846154162532,0.0,0.0,0.0,0.0,0,0,1
1462.0466444638794,1507.2932112850017,0.0,0.0,0.0,0.0,0,0,1
1584.6502886051928,1566.7508880801297,0.0,0.0,0.0,0.0,0,0,1
1551.574457435055,1441.1113580614128,0.0,0.0,0.0,0.0,0,1,1
1484.1608305374482,1529.9223925870376,0.0,0.0,0.0,0.0,0,0,1
1489.221230171048,1485.9775679148638,0.0,0.0,0.0,0.0,0,1,1
1480.1186255778332,1621.6188493318082,0.0,0.0,0.0,0.0,0,0,1
1499.613610176059,1516.356042528843,0.0,0.0,0.0,0.0,0,0,1
1562.6521920731725,1499.5856212755782,0.0,0.0,0.0,0.0,0,0,2
1516.3840314293238,1430.0336234232952,0.0,0.0,0.0,0.0,0,1,1
1505.0718583436706,1511.8270972814844,0.0,0.0,0.0,0.0,0,0,1
1470.1269397422411,1502.2561258430014,0.0,0.0,0.0,0.0,1,0,1
1502.297066177424,1489.597482542894,0.0,0.0,0.0,0.0,0,0,2
1502.811680445004,1599.8267192502676,0.0,0.0,0.0,0.0,0,0,1
1500.0,1532.589290263434,0.0,0.0,0.0,0.0,0,0,1
1579.4716172017445,1526.3610840608426,0.0,0.0,0.0,0.0,0,0,1
1523.1667824935273,1500.0,0.0,0.0,0.0,0.0,0,0,1
1559.779353007431,1417.9303020469797,0.0,0.0,0.0,0.0,0,1,1
1528.4873528056394,1470.6756487792627,0.0,0.0,0.0,0.0,0,0,1
1502.4584603413196,1599.4404087322173,0.0,0.0,0.0,0.0,0,0,1
1517.4964062161175,1500.0,0.0,0.0,0.0,0.0,0,0,1
1515.0928840473164,1500.0,0.0,0.0,0.0,0.0,0,0,1
1484.780725459522,1438.1382472796502,0.0,0.0,0.0,0.0,0,0,2
1593.044661364166,1485.065291417672,0.0,0.0,0.0,0.0,0,0,1
1538.1014910758552,1512.7880398984207,0.0,0.0,0.0,0.0,0,0,1
1569.5872489999083,1541.8493273577922,0.0,0.0,0.0,0.0,0,0,2
1457.31367422711,1408.1224060545023,0.0,0.0,0.0,0.0,0,1,1
1530.3982679336589,1532.691347361271,0.0,0.0,0.0,0.0,0,0,1
1484.8050588548465,1484.6946161136575,0.0,0.0,0.0,0.0,0,0,1
1579.0867176873958,1440.2734012382382,0.0,0.0,0.0,0.0,0,0,1
1482.645571500934,1522.812151386141,0.0,0.0,0.0,0.0,0,0,1
1516.585748684424,1500.799972778828,0.0,0.0,0.0,0.0,0,0,1
1504.9706090243023,1589.0138761495054,0.0,0.0,0.0,0.0,0,0,1
1604.2261771396877,1500.4871138627727,0.0,0.0,0.0,0.0,0,0,1
1552.9378218696436,1524.7671813232755,0.0,0.0,0.0,0.0,0,0,1
1531.859286660565,1543.123998833488,0.0,0.0,0.0,0.0,0,0,1
1546.5038666105058,1568.3125775242124,0.0,0.0,0.0,0.0,0,0,1
1548.3778641276635,1567.6433514027217,0.0,0.0,0.0,0.0,0,0,1
1563.5068778752034,1615.5859021928682,0.0,0.0,0.0,0.0,0,0,1
1501.7124890609646,1394.3727310653223,0.0,0.0,0.0,0.0,0,1,1
1500.0,1489.1273888095925,0.0,0.0,0.0,0.0,0,0,2
1527.0986142927873,1565.2641644027428,0.0,0.0,0.0,0.0,0,0,0
1581.887403158205,1500.0,0.0,0.0,0.0,0.0,0,0,2
1471.06334921629,1490.1820596593536,0.0,0.0,0.0,0.0,0,0,1
1526.6054213663897,1473.8837756421506,0.0,0.0,0.0,0.0,0,0,2
1551.309566259515,1550.7570511276422,0.0,0.0,0.0,0.0,0,0,1
1500.0,1497.9517091046323,0.0,0.0,0.0,0.0,0,0,1
1567.284122018838,1489.6279276754017,0.0,0.0,0.0,0.0,0,0,2
1383.1644166698711,1503.702744130347,0.0,0.0,0.0,0.0,1,0,2
1473.3024981237013,1476.293231641774,0.0,0.0,0.0,0.0,0,0,1
1524.195965366766,1487.9429107519422,0.0,0.0,0.0,0.0,0,0,1
1499.4994611341906,1534.7824953683191,0.0,0.0,0.0,0.0,0,0,1
1579.513611438698,1482.046035293458,0.0,0.0,0.0,0.0,0,0,2
1512.849167256832,1515.9056738111742,0.0,0.0,0.0,0.0,0,0,1
1512.9208034564158,1578.184659027858,0.0,0.0,0.0,0.0,0,0,1
1531.891456618702,1498.3642401577808,0.0,0.0,0.0,0.0,0,0,2
1563.7663087075764,1517.1187422048802,0.0,0.0,0.0,0.0,0,0,1
1575.1392201589454,1499.7649201137024,0.0,0.0,0.0,0.0,0,0,2
1559.2140058655718,1388.5029206424372,0.0,0.0,0.0,0.0,0,1,1
1489.4402230903172,1538.5324833530144,0.0,0.0,0.0,0.0,0,0,2
1473.606392765694,1460.155506675158,0.0,0.0,0.0,0.0,0,0,1
1493.1457409866632,1517.1632142976296,0.0,0.0,0.0,0.0,0,0,2
1486.4204265732108,1528.989920954304,0.0,0.0,0.0,0.0,0,0,1
1503.2541263160365,1494.2500280633544,0.0,0.0,0.0,0.0,0,0,1
1503.1825849347674,1504.3710727377354,0.0,0.0,0.0,0.0,0,0,1
1499.903450750407,1567.9294605434957,0.0,0.0,0.0,0.0,0,0,1
1577.63092459642,1518.9967373385434,0.0,0.0,0.0,0.0,0,0,1
1571.7215553378803,1536.2866278123531,0.0,0.0,0.0,0.0,0,0,1
1530.3522460260758,1518.839565074598,0.0,0.0,0.0,0.0,0,0,1
1488.9872658613715,1519.2373166072534,0.0,0.0,0.0,0.0,0,0,1
1545.822261436347,1586.09535127485,0.0,0.0,0.0,0.0,0,0,1
1590.956066493667,1506.3768227275382,0.0,0.0,0.0,0.0,0,0,1
1494.1966793768258,1568.2489690962695,0.0,0.0,0.0,0.0,0,0,1
1603.1362098443794,1563.6686436149275,0.0,0.0,0.0,0.0,0,0,1
1521.9128318753833,1597.2053769098666,0.0,0.0,0.0,0.0,0,0,1
1617.3264391284183,1488.3163410652494,0.0,0.0,0.0,0.0,0,0,2
1478.6645893047928,1511.0392747897793,0.0,0.0,0.0,0.0,0,0,1
1495.5160462270762,1569.2173038505323,0.0,0.0,0.0,0.0,0,0,1
1503.369549664327,1500.0,0.0,0.0,0.0,0.0,0,0,2
1521.3829093980787,1379.7874659645136,0.0,0.0,0.0,0.0,0,1,1
1548.836173955359,1500.0,0.0,0.0,0.0,0.0,0,0,1
1548.8894542921996,1510.0616517901976,0.0,0.0,0.0,0.0,0,0,1
1503.2143810326963,1577.7913054441833,0.0,0.0,0.0,0.0,0,0,1
1611.6440941826893,1531.200738033269,0.0,0.0,0.0,0.0,0,0,1
1562.6018804621187,1493.552665607812,0.0,0.0,0.0,0.0,0,0,2
1563.108774870759,1514.8601048302544,0.0,0.0,0.0,0.0,0,0,1
1541.3269033410666,1500.1551686316309,0.0,0.0,0.0,0.0,0,0,1
1369.9696373293232,1493.9986860109786,0.0,0.0,0.0,0.0,1,0,1
1496.15119848676,1486.2342934932403,0.0,0.0,0.0,0.0,0,0,2
1549.873245247354,1495.8423312116383,0.0,0.0,0.0,0.0,0,0,1
1501.0678641185048,1522.5969836570164,0.0,0.0,0.0,0.0,0,0,1
1624.0043495961302,1495.6946321178095,0.0,0.0,0.0,0.0,0,0,1
1472.517806625604,1559.4632606817822,0.0,0.0,0.0,0.0,0,0,1
1555.4397004204068,1576.9010155825083,0.0,0.0,0.0,0.0,0,0,1
1492.440252015127,1572.426775395698,0.0,0.0,0.0,0.0,0,0,1
1634.3502103915534,1518.0580496792038,0.0,0.0,0.0,0.0,0,0,1
1507.2220768293728,1552.8069860015655,0.0,0.0,0.0,0.0,0,0,1
1645.1861832413845,1512.0600414092594,0.0,0.0,0.0,0.0,0,0,1
1558.4087028198633,1486.0423715522904,0.0,0.0,0.0,0.0,0,0,1
1655.3388970349365,1391.450516714698,0.0,0.0,0.0,0.0,0,1,1
1496.6912853881486,1486.6908598621908,0.0,0.0,0.0,0.0,0,0,1
1525.309375951271,1482.310680218648,0.0,0.0,0.0,0.0,0,0,1
1505.606798096317,1534.7196868796675,0.0,0.0,0.0,0.0,0,0,1
1501.9073276157076,1518.8404826198282,0.0,0.0,0.0,0.0,0,0,1
1539.5408152922591,1485.3487713223865,0.0,0.0,0.0,0.0,0,0,1
1559.9139406072172,1563.4048962403444,0.0,0.0,0.0,0.0,0,0,2
1471.8243635165588,1571.1234813951392,0.0,0.0,0.0,0.0,0,0,2
1560.0746996453147,1468.280795112758,0.0,0.0,0.0,0.0,0,0,1
1661.0860793229588,1471.1512693354716,0.0,0.0,0.0,0.0,0,0,1
1522.9443671118634,1500.0,0.0,0.0,0.0,0.0,0,0,1
1513.5561941808958,1385.7033344266754,0.0,0.0,0.0,0.0,0,1,2
1500.0,1553.0652230980866,0.0,0.0,0.0,0.0,0,0,1
1512.2308759148675,1502.0612988604464,0.0,0.0,0.0,0.0,0,0,1
1563.244137202247,1539.3392610571611,0.0,0.0,0.0,0.0,0,0,1
1566.6711621410116,1507.92047524031,0.0,0.0,0.0,0.0,0,0,1
1486.5294914896765,1456.4123717916875,0.0,0.0,0.0,0.0,0,0,1
1534.640305896266,1669.1176786005074,0.0,0.0,0.0,0.0,0,0,1
1485.0550937829591,1524.4383874274995,0.0,0.0,0.0,0.0,0,0,2
1518.4249172018206,1463.119670057923,0.0,0.0,0.0,0.0,0,0,1
1571.9431229663849,1527.762683285638,0.0,0.0,0.0,0.0,0,0,2
1537.8892733289042,1578.1450108319084,0.0,0.0,0.0,0.0,0,0,1
1476.2766827706864,1391.3390533672612,0.0,0.0,0.0,0.0,0,1,1
1579.9910892688993,1379.1744697492386,0.0,0.0,0.0,0.0,0,1,2
1529.7863717450998,1441.7958529279283,0.0,0.0,0.0,0.0,0,0,1
1531.8993123367386,1647.2165535281197,0.0,0.0,0.0,0.0,0,0,1
1486.8610331501986,1560.2994171208543,0.0,0.0,0.0,0.0,0,0,1
1488.441266388709,1494.6005481124223,0.0,0.0,0.0,0.0,0,0,1
1556.5414309686537,1449.645274923005,0.0,0.0,0.0,0.0,0,0,1
1569.919434506923,1501.1460103534357,0.0,0.0,0.0,0.0,0,0,1
1555.7348670399583,1522.6324480602602,0.0,0.0,0.0,0.0,0,0,1
1504.7248820837187,1541.818725241791,0.0,0.0,0.0,0.0,0,0,1
1582.7930285340246,1571.6517635041018,0.0,0.0,0.0,0.0,0,0,1
1570.2150403207495,1567.7683488799216,0.0,0.0,0.0,0.0,0,0,1
1553.0230832604827,1506.1935129565636,0.0,0.0,0.0,0.0,0,0,1
1598.2801301111908,1586.1023678785102,0.0,0.0,0.0,0.0,0,0,1
1522.4266555998483,1566.8794674333667,0.0,0.0,0.0,0.0,0,0,1
1548.8434376566097,1570.6629450107016,0.0,0.0,0.0,0.0,0,0,1
1540.4626853766054,1613.7195529789994,0.0,0.0,0.0,0.0,0,0,1
1556.1646619269357,1500.0,0.0,0.0,0.0,0.0,0,0,1
1468.736306793522,1438.418357011737,0.0,0.0,0.0,0.0,0,0,1
1559.7871677998064,1469.4049309255531,0.0,0.0,0.0,0.0,0,0,1
1540.966937314489,1549.4784143308884,0.0,0.0,0.0,0.0,0,0,1
1594.3950705557986,1500.0,0.0,0.0,0.0,0.0,0,0,1
1626.0927826043755,1518.6865113750894,0.0,0.0,0.0,0.0,0,0,1
1430.3462427761283,1500.0,0.0,0.0,0.0,0.0,0,0,1
1569.6004808313137,1557.3588269217937,0.0,0.0,0.0,0.0,0,0,2
1483.3436466981514,1488.2431595980024,0.0,0.0,0.0,0.0,0,0,1
1457.4757693221454,1507.480985147272,0.0,0.0,0.0,0.0,0,0,1
1553.6594385063954,1449.511622303615,0.0,0.0,0.0,0.0,0,0,1
1533.086524723584,1486.5641810956222,0.0,0.0,0.0,0.0,0,0,2
1606.1519109577962,1423.8110171071078,0.0,0.0,0.0,0.0,0,0,1
1637.298308832193,1571.7163294032143,0.0,0.0,0.0,0.0,0,0,1
1387.513795514036,1480.8346204725135,0.0,0.0,0.0,0.0,1,0,1
1530.956804894359,1569.0369650094117,0.0,0.0,0.0,0.0,0,0,1
1614.4493353817036,1499.569262650006,0.0,0.0,0.0,0.0,0,0,1
1650.3135129499435,1475.7628243695974,0.0,0.0,0.0,0.0,0,0,1
1565.0019289466156,1460.6374900391718,0.0,0.0,0.0,0.0,0,0,1
1557.9223427436957,1488.6939009248472,0.0,0.0,0.0,0.0,0,0,2
1415.5135926832004,1472.0175436461475,0.0,0.0,0.0,0.0,0,0,2
1558.7011252854638,1489.19393009982,0.0,0.0,0.0,0.0,0,0,1
1407.7109259473775,1438.1691318633948,0.0,0.0,0.0,0.0,1,0,1
1554.7757876646983,1425.1099959160467,0.0,0.0,0.0,0.0,0,1,1
1625.343639492586,1571.542231563015,0.0,0.0,0.0,0.0,0,0,1
1658.8895066704804,1488.6749585391235,0.0,0.0,0.0,0.0,0,0,1
1551.2902974322917,1576.335290512976,0.0,0.0,0.0,0.0,0,0,1
1667.623099691138,1568.441668392108,0.0,0.0,0.0,0.0,0,0,1
1565.0670731839418,1638.8856091389025,0.0,0.0,0.0,0.0,0,0,1
1619.5363859570543,1556.888987175238,0.0,0.0,0.0,0.0,0,0,1
1679.175780908008,1584.4162963657898,0.0,0.0,0.0,0.0,0,0,1
1414.8187103968032,1559.1839195531595,0.0,0.0,0.0,0.0,1,0,2
1483.2313465091672,1632.6822321848565,0.0,0.0,0.0,0.0,0,0,0
1470.2253340108916,1690.917024034858,0.0,0.0,0.0,0.0,0,0,1
1524.1169517256617,1500.0,0.0,0.0,0.0,0.0,0,0,2
1548.703472471479,1517.3821178641217,0.0,0.0,0.0,0.0,0,0,1
1665.9310460908675,1473.7185495536455,0.0,0.0,0.0,0.0,0,0,0
1495.211311954882,1642.195029140378,0.0,0.0,0.0,0.0,0,0,0
1641.8840279203612,1502.820624723114,0.0,0.0,0.0,0.0,0,0,2
1651.803038399401,1508.1522747794688,0.0,0.0,0.0,0.0,0,0,1
1501.1088463145638,1500.0,0.0,0.0,0.0,0.0,0,0,1
1500.0,1444.7746335794805,0.0,0.0,0.0,0.0,0,0,0
1543.743140947436,1485.6033026958592,0.0,0.0,0.0,0.0,0,0,0
1563.2649656124863,1418.0929949258643,0.0,0.0,0.0,0.0,0,0,2
1572.6750532389397,1500.0,0.0,0.0,0.0,0.0,0,0,1
1497.765567724152,1523.0081054110976,0.0,0.0,0.0,0.0,0,0,1
1484.0510640865111,1661.540531422762,0.0,0.0,0.0,0.0,0,0,0
1463.2966513309025,1635.801331285813,0.0,0.0,0.0,0.0,0,0,2
1498.414781756108,1517.0577822280527,0.0,0.0,0.0,0.0,0,0,2
1508.9033213576622,1481.477982248578,0.0,0.0,0.0,0.0,0,0,1
1504.2560262045065,1556.9432385701712,0.0,0.0,0.0,0.0,0,0,2
1424.4147219681795,1525.0904174387888,0.0,0.0,0.0,0.0,0,0,2
1487.298836728827,1514.9259884692951,0.0,0.0,0.0,0.0,0,0,0
1505.8476846659546,1585.3762165101127,0.0,0.0,0.0,0.0,0,0,2
1470.646519402155,1523.6429544987238,0.0,0.0,0.0,0.0,0,0,2
1475.580851146505,1499.2725006109995,0.0,0.0,0.0,0.0,0,0,2
1466.7383491075163,1628.4514632145604,0.0,0.0,0.0,0.0,0,0,0
1516.2000633731611,1670.010744362768,0.0,0.0,0.0,0.0,0,0,1
1428.925461405605,1506.663932426525,0.0,0.0,0.0,0.0,0,0,0
1509.4474563298972,1472.5684393095232,0.0,0.0,0.0,0.0,0,0,1
1554.5353323481525,1520.5796780013638,0.0,0.0,0.0,0.0,0,0,1
1529.6563858885988,1581.77644484617,0.0,0.0,0.0,0.0,0,0,1
1521.2211324309992,1647.3566288379852,0.0,0.0,0.0,0.0,0,0,0
1637.4992414324604,1538.854178897944,0.0,0.0,0.0,0.0,0,0,1
1519.1425134809467,1523.7554646479907,0.0,0.0,0.0,0.0,0,0,1
1568.976576385633,1548.0387590227676,0.0,0.0,0.0,0.0,0,0,0
1507.543042878083,1649.0747247264276,0.0,0.0,0.0,0.0,0,0,0
1565.0018155721627,1510.7874558129372,0.0,0.0,0.0,0.0,0,0,1
1527.2786956039768,1535.3549352508544,0.0,0.0,0.0,0.0,0,0,0
1657.7903054560472,1552.013519836238,0.0,0.0,0.0,0.0,0,0,1
1669.0642297831944,1578.5252203102086,0.0,0.0,0.0,0.0,0,0,2
1563.3940717120013,1478.3169324174123,0.0,0.0,0.0,0.0,0,0,1
1500.0,1421.1090558878068,0.0,0.0,0.0,0.0,0,1,1
1497.7227161124013,1551.8810213221611,0.0,0.0,0.0,0.0,0,0,1
1540.7395955090908,1658.8950514921094,0.0,0.0,0.0,0.0,0,0,2
1516.0589272209384,1488.2724163263338,0.0,0.0,0.0,0.0,0,0,1
1479.941365518466,1473.0683414698797,0.0,0.0,0.0,0.0,0,0,1
1550.983077645001,1500.0,0.0,0.0,0.0,0.0,0,0,1
1575.5526004232024,1533.4069456823654,0.0,0.0,0.0,0.0,0,0,1
1582.6028102247562,1512.4281155561823,0.0,0.0,0.0,0.0,0,0,1
1664.9866398686468,1408.6809403316245,0.0,0.0,0.0,0.0,0,1,1
1516.196791752197,1466.1584037062114,0.0,0.0,0.0,0.0,0,0,1
1653.654288478333,1473.5493111932424,0.0,0.0,0.0,0.0,0,0,2
1530.7820323540298,1545.9803585228672,0.0,0.0,0.0,0.0,0,0,1
1457.3848146431233,1486.3311492895018,0.0,0.0,0.0,0.0,0,0,2
1564.6519283554992,1495.6248923452224,0.0,0.0,0.0,0.0,0,0,2
1452.4469551576058,1519.338360570558,0.0,0.0,0.0,0.0,0,0,1
1595.4143864451746,1402.725065913003,0.0,0.0,0.0,0.0,0,1,1
1670.9425142872683,1499.616539335764,0.0,0.0,0.0,0.0,0,0,2
1589.6211855350098,1529.9082403008026,0.0,0.0,0.0,0.0,0,0,1
1646.0310619512184,1547.4814950409625,0.0,0.0,0.0,0.0,0,0,1
1481.172537720357,1529.2808958359344,0.0,0.0,0.0,0.0,0,0,1
1498.7625300424183,1500.0,0.0,0.0,0.0,0.0,0,0,1
1458.7147668560965,1561.5142906583033,0.0,0.0,0.0,0.0,0,0,1
1663.6355399337892,1602.8980624529845,0.0,0.0,0.0,0.0,0,0,2
1540.9136748911096,1535.9019499977137,0.0,0.0,0.0,0.0,0,0,1
1657.6106069944674,1514.8195173989873,0.0,0.0,0.0,0.0,0,0,1
1516.631363382828,1603.350975400424,0.0,0.0,0.0,0.0,0,0,1
1583.4383069140026,1505.0484675654689,0.0,0.0,0.0,0.0,0,0,1
1605.666977196968,1520.1327324516244,0.0,0.0,0.0,0.0,0,0,1
1660.8666251898055,1556.6828924371987,0.0,0.0,0.0,0.0,0,0,2
1536.5440318692497,1667.3816568279858,0.0,0.0,0.0,0.0,0,0,2
1561.3419158149072,1617.8056751369766,0.0,0.0,0.0,0.0,0,0,1
1507.9940345116158,1656.207601812097,0.0,0.0,0.0,0.0,0,0,1
1661.625904082218,1595.8883561617597,0.0,0.0,0.0,0.0,0,0,1
1542.2997846150174,1492.598418317712,0.0,0.0,0.0,0.0,0,0,1
1674.634193903914,1599.2280757175647,0.0,0.0,0.0,0.0,0,0,1
1556.0264381634172,1579.919515234319,0.0,0.0,0.0,0.0,0,0,1
1530.4335553266412,1501.8477597410867,0.0,0.0,0.0,0.0,0,0,2
1420.7700618947258,1552.8935740621562,0.0,0.0,0.0,0.0,0,0,0
1573.1250237292302,1687.2151306865169,0.0,0.0,0.0,0.0,0,0,0
1633.7680809970716,1499.3739580807169,0.0,0.0,0.0,0.0,0,0,1
1471.4899126338707,1503.1612218178686,0.0,0.0,0.0,0.0,0,0,1
1582.8800663400632,1563.0863360524638,0.0,0.0,0.0,0.0,0,0,2
1586.647138934962,1698.142133282619,0.0,0.0,0.0,0.0,0,0,1
1489.271770571031,1558.000261916699,0.0,0.0,0.0,0.0,0,0,2
1581.9695162813775,1607.612387914848,0.0,0.0,0.0,0.0,0,0,0
1643.8702685067574,1488.9444037747153,0.0,0.0,0.0,0.0,0,0,2
1567.1482745706628,1495.640936190537,0.0,0.0,0.0,0.0,0,0,1
1622.4336296255626,1637.1737360909356,0.0,0.0,0.0,0.0,0,0,1
1562.198021133128,1410.5772999044182,0.0,0.0,0.0,0.0,0,0,0
1639.1120296413255,1579.9009626720815,0.0,0.0,0.0,0.0,0,0,2
1677.176884302733,1563.9968861111497,0.0,0.0,0.0,0.0,0,0,1
1478.8717647693122,1500.0,0.0,0.0,0.0,0.0,0,0,2
1500.295403094293,1449.3041284728113,0.0,0.0,0.0,0.0,0,0,1
1479.31538262329,1500.0,0.0,0.0,0.0,0.0,0,0,1
1620.4953360751726,1500.0,0.0,0.0,0.0,0.0,0,0,0
1554.875846220364,1482.8882480891182,0.0,0.0,0.0,0.0,0,0,1
1492.396186267366,1500.0,0.0,0.0,0.0,0.0,0,0,2
1498.1831477644448,1529.120093249859,0.0,0.0,0.0,0.0,0,0,0
1476.3528238222686,1500.0,0.0,0.0,0.0,0.0,0,0,2
1497.2640510748913,1485.706730677024,0.0,0.0,0.0,0.0,0,0,2
1636.411354929254,1479.8435583265036,0.0,0.0,0.0,0.0,0,0,2
1539.6275320385255,1513.9638843344262,0.0,0.0,0.0,0.0,0,0,1
1688.141616849165,1496.2668206195897,0.0,0.0,0.0,0.0,0,0,1
1582.6016373841533,1499.0282064428084,0.0,0.0,0.0,0.0,0,0,2
1433.1477889990206,1435.635647232678,0.0,0.0,0.0,0.0,0,0,1
1553.0321535647174,1483.0485620037005,0.0,0.0,0.0,0.0,0,0,1
1599.1585915942344,1483.6040932840344,0.0,0.0,0.0,0.0,0,0,1
1567.607334528164,1477.440138074369,0.0,0.0,0.0,0.0,0,0,1
1492.7462989335668,1496.732013026979,0.0,0.0,0.0,0.0,0,0,1
1521.3367444809385,1543.6991477302695,0.0,0.0,0.0,0.0,0,0,0
1470.1567597813182,1498.9126857478996,0.0,0.0,0.0,0.0,0,0,1
1499.6498873337991,1486.2387687249363,0.0,0.0,0.0,0.0,0,0,2
1578.8254901351,1486.60233565027,0.0,0.0,0.0,0.0,0,0,1
1449.2623571465265,1499.1435941999246,0.0,0.0,0.0,0.0,0,0,2
1565.8521818514553,1488.302215191192,0.0,0.0,0.0,0.0,0,0,2
1629.6525776054875,1502.8043536918617,0.0,0.0,0.0,0.0,0,0,2
1554.4478221730274,1419.5210790851725,0.0,0.0,0.0,0.0,0,0,1
1696.1062222775624,1470.2285337169626,0.0,0.0,0.0,0.0,0,0,1
1506.3651514571989,1472.737667675803,0.0,0.0,0.0,0.0,0,0,1
1487.478003539622,1465.5017130884885,0.0,0.0,0.0,0.0,0,0,2
1499.032589055615,1480.5484721612504,0.0,0.0,0.0,0.0,0,0,0
1610.0250172024655,1558.670740754009,0.0,0.0,0.0,0.0,0,0,1
1579.545759514045,1481.5914419895958,0.0,0.0,0.0,0.0,0,0,1
1486.8560670031204,1508.9298397992957,0.0,0.0,0.0,0.0,0,0,1
1545.018618898561,1486.467305512666,0.0,0.0,0.0,0.0,0,0,0
1590.6754697565475,1451.5438191312835,0.0,0.0,0.0,0.0,0,0,1
1624.0574250440047,1564.5288263736402,0.0,0.0,0.0,0.0,0,0,1
1623.6771390579138,1591.1506363996623,0.0,0.0,0.0,0.0,0,0,2
1491.9146705370688,1702.9581215484498,0.0,0.0,0.0,0.0,0,0,0
1500.0,1505.1384536504163,0.0,0.0,0.0,0.0,1,0,0
1562.339024341566,1496.862132215167,0.0,0.0,0.0,0.0,0,0,1
1551.2437051484478,1468.699702189676,0.0,0.0,0.0,0.0,0,0,1
1469.4381414034838,1600.5900846514926,0.0,0.0,0.0,0.0,0,0,2
1520.821366243742,1503.871236265347,0.0,0.0,0.0,0.0,0,0,2
1441.6292042363386,1394.7884769577536,0.0,0.0,0.0,0.0,0,1,0
1565.846944160916,1592.6441763830292,0.0,0.0,0.0,0.0,0,0,1
1491.6860786309785,1500.0,0.0,0.0,0.0,0.0,0,0,1
1506.1384339638832,1622.1835990745471,0.0,0.0,0.0,0.0,0,0,2
1491.8153727010813,1500.0,0.0,0.0,0.0,0.0,0,0,0
1637.342546269197,1563.5123554235977,0.0,0.0,0.0,0.0,0,0,2
1520.9018363667165,1575.3588997551465,0.0,0.0,0.0,0.0,0,0,2
1456.4310519145265,1416.446880351183,0.0,0.0,0.0,0.0,0,0,2
1483.8422568015867,1484.2366172836998,0.0,0.0,0.0,0.0,0,1,1
1710.2810526247215,1520.0414026136975,0.0,0.0,0.0,0.0,0,0,1
1575.4125594910145,1475.2064917576265,0.0,0.0,0.0,0.0,0,0,2
1504.6511998953915,1484.591739460797,0.0,0.0,0.0,0.0,0,0,0
1412.9325973579246,1508.0688757967216,0.0,0.0,0.0,0.0,1,0,2
1594.82173429735,1583.0785610529306,0.0,0.0,0.0,0.0,0,0,1
1483.617202834257,1423.4850838361676,0.0,0.0,0.0,0.0,0,0,0
1617.0297639555451,1476.192219010322,0.0,0.0,0.0,0.0,0,0,1
1515.6231536907594,1511.2922690828852,0.0,0.0,0.0,0.0,0,0,1
1499.860417765135,1523.3893395740297,0.0,0.0,0.0,0.0,0,0,0
1572.8713965478332,1468.2184563201515,0.0,0.0,0.0,0.0,0,1,1
1454.5977989873395,1633.992809881497,0.0,0.0,0.0,0.0,0,0,0
1566.8620918112977,1418.28013327837,0.0,0.0,0.0,0.0,0,0,1
1503.7940009316142,1442.2269475683972,0.0,0.0,0.0,0.0,0,0,2
1464.8753391020273,1417.207472223032,0.0,0.0,0.0,0.0,0,1,0
1567.6191483241505,1479.69731537841,0.0,0.0,0.0,0.0,0,0,0
1570.9217358702308,1610.2811470261302,0.0,0.0,0.0,0.0,0,0,1
1487.7284526772246,1718.3021000439312,0.0,0.0,0.0,0.0,0,0,0
1512.0203551944878,1501.514486678964,0.0,0.0,0.0,0.0,0,0,0
1466.3446735930352,1495.4917033601514,0.0,0.0,0.0,0.0,0,0,2
1531.4237194134932,1626.877309372832,0.0,0.0,0.0,0.0,0,0,1
1435.388987766435,1408.7338650327897,0.0,0.0,0.0,0.0,1,0,1
1584.1926053004895,1445.032906171441,0.0,0.0,0.0,0.0,0,0,0
1725.0095629205766,1592.4762934848343,0.0,0.0,0.0,0.0,0,0,1
1576.408360056878,1494.1525730949163,0.0,0.0,0.0,0.0,0,0,1
1642.3948811061462,1538.3074461123254,0.0,0.0,0.0,0.0,0,0,0
1499.6619931436653,1606.58886821617,0.0,0.0,0.0,0.0,0,0,0
1588.726589411527,1500.9880423285704,0.0,0.0,0.0,0.0,0,0,1
1551.712160570155,1517.9981523983854,0.0,0.0,0.0,0.0,0,0,0
1735.185947740504,1558.9624105075025,0.0,0.0,0.0,0.0,0,0,2
1617.8144973936912,1450.1638766851645,0.0,0.0,0.0,0.0,0,1,2
1588.689563730331,1600.7698350438664,0.0,0.0,0.0,0.0,0,0,1
1535.5458850171126,1467.1193960745716,0.0,0.0,0.0,0.0,0,0,2
1566.446733196418,1610.642124165838,0.0,0.0,0.0,0.0,0,0,0
1605.2456567069428,1470.230432117793,0.0,0.0,0.0,0.0,0,0,1
1552.4710991698062,1460.1529446690563,0.0,0.0,0.0,0.0,0,0,1
1615.3231441556795,1624.61775819245,0.0,0.0,0.0,0.0,0,0,1
1393.9589761140603,1621.739916710969,0.0,0.0,0.0,0.0,0,0,2
1608.1898274790883,1466.5124111154444,0.0,0.0,0.0,0.0,0,0,1
1584.2137420672543,1508.3995062533445,0.0,0.0,0.0,0.0,0,0,1
1612.5330053652306,1631.751074869041,0.0,0.0,0.0,0.0,0,0,2
1618.0044449976183,1596.7767470811705,0.0,0.0,0.0,0.0,0,0,2
1613.4171286553226,1597.7531040876722,0.0,0.0,0.0,0.0,0,0,1
1617.0280879911168,1630.866951578949,0.0,0.0,0.0,0.0,0,0,1
1614.2299851818118,1495.8365012394286,0.0,0.0,0.0,0.0,0,0,0
1562.106115397359,1467.1868306490603,0.0,0.0,0.0,0.0,0,0,0
1500.0,1473.3275929770143,0.0,0.0,0.0,0.0,0,0,0
1628.696262017976,1526.347470760811,0.0,0.0,0.0,0.0,0,0,1
1487.6023401257205,1456.6977935969144,0.0,0.0,0.0,0.0,1,0,0
1727.7016250515885,1511.0794754755746,0.0,0.0,0.0,0.0,0,0,1
1633.665054388254,1497.3988950055154,0.0,0.0,0.0,0.0,0,0,1
1500.0,1467.6838038582705,0.0,0.0,0.0,0.0,0,0,1
1582.4739707250187,1500.0,0.0,0.0,0.0,0.0,0,0,2
1448.307045343703,1446.1957277626902,0.0,0.0,0.0,0.0,0,0,1
1562.820929668506,1484.0,0.0,0.0,0.0,0.0,0,0,2
1481.8713694214634,1532.4348489738911,0.0,0.0,0.0,0.0,0,0,2
1592.9794388140972,1541.8405216634928,0.0,0.0,0.0,0.0,0,0,1
1517.0870476071432,1487.452424382927,0.0,0.0,0.0,0.0,0,0,1
1487.3710556636245,1490.5534953595284,0.0,0.0,0.0,0.0,0,0,1
1640.1146941910697,1470.1828748777757,0.0,0.0,0.0,0.0,0,1,1
1514.9290385877173,1474.1172588448592,0.0,0.0,0.0,0.0,0,0,0
1643.692893730145,1482.7740976174862,0.0,0.0,0.0,0.0,0,0,1
1734.844787158061,1514.5160611407289,0.0,0.0,0.0,0.0,0,0,1
1503.9363133691018,1453.1677427175416,0.0,0.0,0.0,0.0,0,0,0
1578.7456708446114,1559.2521089570178,0.0,0.0,0.0,0.0,0,0,2
1503.7282998804071,1487.5688207114883,0.0,0.0,0.0,0.0,0,0,2
1430.292956333639,1530.1226160252916,0.0,0.0,0.0,0.0,0,0,0
1464.2098167727545,1484.183602370063,0.0,0.0,0.0,0.0,0,0,1
1606.6412656529685,1472.8138492303967,0.0,0.0,0.0,0.0,0,0,2
1531.7256227596731,1528.1786948246215,0.0,0.0,0.0,0.0,0,0,0
1652.7703747680266,1474.4069426941248,0.0,0.0,0.0,0.0,0,0,2
1503.517608329028,1473.6966165796046,0.0,0.0,0.0,0.0,0,0,1
1648.8586257348409,1491.9881138517217,0.0,0.0,0.0,0.0,0,0,1
1497.0581835808548,1461.4389433340043,0.0,0.0,0.0,0.0,0,1,1
1741.870258739526,1471.4892224210012,0.0,0.0,0.0,0.0,0,0,1
1485.6148336656422,1507.4905895592638,0.0,0.0,0.0,0.0,0,0,0
1418.767806450809,1467.264787557065,0.0,0.0,0.0,0.0,0,0,0
1481.1286315857524,1541.6477659081215,0.0,0.0,0.0,0.0,0,0,0
1502.9846645085363,1560.148879845083,0.0,0.0,0.0,0.0,0,0,2
1577.848899956546,1488.3124560833594,0.0,0.0,0.0,0.0,0,0,1
1515.562286366223,1481.9680263586,0.0,0.0,0.0,0.0,0,0,1
1482.7583399368084,1522.4845029298112,0.0,0.0,0.0,0.0,0,0,1
1747.4433247711804,1600.766018450547,0.0,0.0,0.0,0.0,0,0,0
1645.209291103551,1557.5398706555354,0.0,0.0,0.0,0.0,0,0,1
1505.593673698084,1478.6890964328177,0.0,0.0,0.0,0.0,0,0,2
1658.088399649754,1481.045811953143,0.0,0.0,0.0,0.0,0,0,1
1554.888606160561,1518.1476634226915,0.0,0.0,0.0,0.0,0,0,0
1589.814512896603,1467.8877913333129,0.0,0.0,0.0,0.0,0,0,1
1535.833367392417,1623.1461463445962,0.0,0.0,0.0,0.0,0,0,2
1666.5746439855436,1504.3571427924942,0.0,0.0,0.0,0.0,0,0,1
1512.0349223715978,1457.2830392625922,0.0,0.0,0.0,0.0,0,0,1
1537.202902190836,1429.7634994312373,0.0,0.0,0.0,0.0,0,0,1
1500.0,1470.6209202950947,0.0,0.0,0.0,0.0,0,0,0
1479.9256273384074,1619.207805790542,0.0,0.0,0.0,0.0,0,0,1
1545.4936361605685,1495.3281950889707,0.0,0.0,0.0,0.0,0,0,1
1725.0631968771315,1447.0735471757018,0.0,0.0,0.0,0.0,0,1,1
1500.0,1675.6035916890671,0.0,0.0,0.0,0.0,0,0,0
1457.3362499130176,1403.1658874597988,0.0,0.0,0.0,0.0,1,0,2
1684.1415902586618,1548.407039697679,0.0,0.0,0.0,0.0,0,0,1
1559.1993537060844,1730.4375484059549,0.0,0.0,0.0,0.0,0,0,0
1405.6405050768865,1525.5341721281509,0.0,0.0,0.0,0.0,0,0,1
1502.0169407650185,1487.9706614030897,0.0,0.0,0.0,0.0,0,0,2
1426.9526100607864,1694.1905122796677,0.0,0.0,0.0,0.0,0,0,0
1488.6171642834156,1739.133773754259,0.0,0.0,0.0,0.0,0,0,0
1482.4980608599838,1421.2957784361254,0.0,0.0,0.0,0.0,0,0,1
1745.2528771776908,1699.847343904329,0.0,0.0,0.0,0.0,0,0,2
1504.222067144251,1456.9826857313203,0.0,0.0,0.0,0.0,0,0,1
1538.3581176766731,1404.986782054731,0.0,0.0,0.0,0.0,0,0,2
1441.6991956468787,1418.559361924394,0.0,0.0,0.0,0.0,1,0,2
1701.9265224996625,1481.6224775434546,0.0,0.0,0.0,0.0,0,0,0
1467.5102957906358,1501.3704378846926,0.0,0.0,0.0,0.0,0,0,0
1443.783789506039,1488.4363639661442,0.0,0.0,0.0,0.0,0,0,1
1486.6644310798654,1454.86163229593,0.0,0.0,0.0,0.0,0,1,1
1530.020016934187,1495.7083869313549,0.0,0.0,0.0,0.0,0,0,2
1743.1736985823572,1500.0,0.0,0.0,0.0,0.0,0,0,1
1550.50312835778,1482.650258892005,0.0,0.0,0.0,0.0,0,0,1
1597.1164923639308,1500.0,0.0,0.0,0.0,0.0,0,0,1
1518.059920508281,1532.501050481458,0.0,0.0,0.0,0.0,0,0,2
1491.4620014304053,1408.0854523647545,0.0,0.0,0.0,0.0,0,0,1
1515.8160387939404,1419.6234178004238,0.0,0.0,0.0,0.0,0,0,0
1440.635139770849,1453.064694881388,0.0,0.0,0.0,0.0,1,0,1
1676.9527731208968,1501.2039348662802,0.0,0.0,0.0,0.0,0,0,1
1410.8438492499463,1443.1448323672903,0.0,0.0,0.0,0.0,0,0,2
1440.322128509515,1506.59622692222,0.0,0.0,0.0,0.0,1,0,1
1749.5047265299972,1528.445024903414,0.0,0.0,0.0,0.0,0,0,1
1497.2833789621277,1493.66897205236,0.0,0.0,0.0,0.0,0,0,1
1461.8288690622317,1563.4175178960716,0.0,0.0,0.0,0.0,0,0,1
1469.7358693537135,1470.3912844099516,0.0,0.0,0.0,0.0,0,0,1
1608.7570647045604,1503.6944170502327,0.0,0.0,0.0,0.0,0,0,1
1395.853036744927,1488.3594276593703,0.0,0.0,0.0,0.0,0,0,1
1457.20729786373,1495.4960269821026,0.0,0.0,0.0,0.0,1,0,0
1439.9434296122615,1436.492536788507,0.0,0.0,0.0,0.0,0,0,0
1518.7245764019212,1412.3270935470694,0.0,0.0,0.0,0.0,0,0,1
1441.6615880701677,1531.8363945878175,0.0,0.0,0.0,0.0,0,0,0
1487.5806784669364,1492.6711692641484,0.0,0.0,0.0,0.0,0,0,2
1685.4855387230286,1459.337676964799,0.0,0.0,0.0,0.0,0,1,2
1756.5071535455236,1513.1169353770988,0.0,0.0,0.0,0.0,0,0,2
1477.835415637389,1521.4425978878876,0.0,0.0,0.0,0.0,0,0,1
1454.3611014669907,1542.868105704485,0.0,0.0,0.0,0.0,0,0,0
1482.3782812538182,1485.7660522966744,0.0,0.0,0.0,0.0,0,0,0
1468.1972438523364,1492.390456648,0.0,0.0,0.0,0.0,0,0,0
1620.061025106793,1416.015220551961,0.0,0.0,0.0,0.0,0,0,0
1676.329067116023,1564.3169984951594,0.0,0.0,0.0,0.0,0,0,2
1746.8318541406156,1534.1644279514276,0.0,0.0,0.0,0.0,0,0,1
1554.878145024822,1595.6139131876837,0.0,0.0,0.0,0.0,0,0,1
1529.9724242983043,1500.0,0.0,0.0,0.0,0.0,0,0,0
1754.1021276269244,1572.7455473400285,0.0,0.0,0.0,0.0,0,0,2
1569.3037564819815,1517.376867249412,0.0,0.0,0.0,0.0,0,0,1
1746.4344234681382,1465.9161563893467,0.0,0.0,0.0,0.0,0,0,1
1442.3510621466537,1492.436760272896,0.0,0.0,0.0,0.0,0,0,2
1580.4132514988146,1503.7505410957997,0.0,0.0,0.0,0.0,0,0,0
1671.3423091292009,1458.28145288926,0.0,0.0,0.0,0.0,0,0,2
1503.444891986339,1511.4235797391575,0.0,0.0,0.0,0.0,0,0,2
1751.743999098106,1582.9300826355943,0.0,0.0,0.0,0.0,0,0,0
1488.9447966962307,1440.4623324710706,0.0,0.0,0.0,0.0,0,0,2
1501.6100446189012,1526.8941544651188,0.0,0.0,0.0,0.0,0,0,0
1606.145198111966,1500.0,0.0,0.0,0.0,0.0,0,0,1
1543.7744917021994,1507.2781153021224,0.0,0.0,0.0,0.0,0,0,0
1401.079245650686,1468.4941485718043,0.0,0.0,0.0,0.0,0,1,0
1560.939005457181,1466.5342889315914,0.0,0.0,0.0,0.0,0,0,2
1577.746510872477,1500.0,0.0,0.0,0.0,0.0,0,0,1
1539.7717079464712,1483.943012643431,0.0,0.0,0.0,0.0,0,0,1
1500.0,1523.224787137433,0.0,0.0,0.0,0.0,0,0,0
1600.4192649673237,1506.923513689243,0.0,0.0,0.0,0.0,0,0,1
1509.7398695363393,1452.6514510501731,0.0,0.0,0.0,0.0,0,0,1
1512.5955570488925,1442.9634553094934,0.0,0.0,0.0,0.0,0,1,1
1460.6065807593789,1490.146074727283,0.0,0.0,0.0,0.0,0,0,2
1728.5288836217344,1444.641747692267,0.0,0.0,0.0,0.0,0,0,1
1467.0238961163536,1511.0562121666464,0.0,0.0,0.0,0.0,0,0,2
1662.599865902107,1503.81225955885,0.0,0.0,0.0,0.0,0,0,1
1488.7415565688646,1541.731829338054,0.0,0.0,0.0,0.0,0,0,2
1617.4036415431017,1486.772369745966,0.0,0.0,0.0,0.0,0,0,1
1524.952680767389,1442.6806524024294,0.0,0.0,0.0,0.0,0,0,1
1526.0999262369328,1486.726476764872,0.0,0.0,0.0,0.0,0,0,2
1487.5217712581364,1538.1568363782408,0.0,0.0,0.0,0.0,0,0,0
1470.777861498488,1481.4279618097469,0.0,0.0,0.0,0.0,0,1,2
1556.6954328902846,1388.1454324127435,0.0,0.0,0.0,0.0,0,0,1
1525.4311357727404,1553.2226036436027,0.0,0.0,0.0,0.0,0,0,2
1590.2247396143407,1485.0679507591922,0.0,0.0,0.0,0.0,0,0,1
1430.1278765856457,1470.4921169462996,0.0,0.0,0.0,0.0,1,0,0
1439.25706235779,1495.1281444593628,0.0,0.0,0.0,0.0,0,0,1
1523.1342582287225,1612.2146341972038,0.0,0.0,0.0,0.0,0,0,1
1671.7573311385183,1509.0392362907369,0.0,0.0,0.0,0.0,0,0,1
1469.0408719922632,1494.6547943224386,0.0,0.0,0.0,0.0,0,0,2
1461.9636563595805,1439.4174991695295,0.0,0.0,0.0,0.0,0,0,0
1733.7531321444717,1488.788999127081,0.0,0.0,0.0,0.0,0,0,0
1627.6561637165366,1539.3102845549167,0.0,0.0,0.0,0.0,0,0,1
1491.1631013520018,1476.5198475725308,0.0,0.0,0.0,0.0,0,0,2
1524.2944344364982,1430.400156260636,0.0,0.0,0.0,0.0,0,0,1
1537.2331769091822,1488.5319685653064,0.0,0.0,0.0,0.0,0,0,0
1471.2681631843468,1379.3508622780334,0.0,0.0,0.0,0.0,0,0,2
1565.4900030249946,1480.937660123888,0.0,0.0,0.0,0.0,0,1,2
1526.7082574626893,1484.6415931560514,0.0,0.0,0.0,0.0,0,0,1
1415.9784003758937,1551.9454819536538,0.0,0.0,0.0,0.0,1,0,0
1473.8372318993222,1473.767951940141,0.0,0.0,0.0,0.0,0,0,0
1601.5247384333918,1551.841375737055,0.0,0.0,0.0,0.0,0,0,1
1543.148971420341,1476.5771377556075,0.0,0.0,0.0,0.0,0,0,2
1457.8080690615452,1592.199921005585,0.0,0.0,0.0,0.0,0,0,0
1680.7676134875385,1514.5101498061167,0.0,0.0,0.0,0.0,0,0,1
1708.031981465436,1470.218304344641,0.0,0.0,0.0,0.0,0,0,1
1639.6731624949025,1506.760167534008,0.0,0.0,0.0,0.0,0,0,1
1519.0049779404808,1527.2932857765509,0.0,0.0,0.0,0.0,0,0,0
1540.7804273099682,1484.756348530948,0.0,0.0,0.0,0.0,0,1,1
1561.6713146179345,1561.9851792422546,0.0,0.0,0.0,0.0,0,0,1
1540.1202009331903,1538.1139098239323,0.0,0.0,0.0,0.0,0,0,0
1615.2522043465142,1602.3021988874518,0.0,0.0,0.0,0.0,0,0,2
1487.8150874581888,1493.4773619700609,0.0,0.0,0.0,0.0,0,0,2
1472.5595676173534,1542.9116674844986,0.0,0.0,0.0,0.0,0,0,0
1554.2225544376788,1477.1937953231948,0.0,0.0,0.0,0.0,0,0,1
1614.6561105784835,1503.386596232533,0.0,0.0,0.0,0.0,0,0,1
1496.5989470300424,1490.489153601338,0.0,0.0,0.0,0.0,0,0,2
1602.8982926554825,1522.7922347820067,0.0,0.0,0.0,0.0,0,0,2
1536.0727233962618,1500.0,0.0,0.0,0.0,0.0,0,0,1
1554.206301916984,1471.3142214032375,0.0,0.0,0.0,0.0,0,1,0
1689.646597216502,1500.0,0.0,0.0,0.0,0.0,0,0,1
1714.521166285714,1485.5264348026872,0.0,0.0,0.0,0.0,0,0,1
1383.4877421701751,1582.299908664907,0.0,0.0,0.0,0.0,0,0,1
1500.0,1504.6629767463762,0.0,0.0,0.0,0.0,0,0,0
1457.8340414393394,1467.1312832922051,0.0,0.0,0.0,0.0,0,0,2
1495.8331215389376,1479.6059082427585,0.0,0.0,0.0,0.0,0,0,1
1405.9387030872929,1547.6544705588951,0.0,0.0,0.0,0.0,1,0,1
1566.7322497240864,1488.075821752316,0.0,0.0,0.0,0.0,0,0,2
1555.7153991248376,1500.0,0.0,0.0,0.0,0.0,0,0,2
1493.2166276759338,1464.6841000367872,0.0,0.0,0.0,0.0,0,0,1
1649.834382998868,1459.7558359770144,0.0,0.0,0.0,0.0,0,0,2
1526.4172467851868,1492.342459576029,0.0,0.0,0.0,0.0,0,0,1
1625.700247234988,1599.2732806523024,0.0,0.0,0.0,0.0,0,0,0
1550.4174566184,1496.3176096448851,0.0,0.0,0.0,0.0,0,0,1
1490.7704909864951,1485.6552667778617,0.0,0.0,0.0,0.0,0,0,1
1721.2769417350603,1484.2147251224883,0.0,0.0,0.0,0.0,0,0,1
1697.6881812944553,1534.459797967602,0.0,0.0,0.0,0.0,0,0,0
1491.0607253526196,1491.9584159220467,0.0,0.0,0.0,0.0,1,0,1
1520.448251623888,1478.770659353341,0.0,0.0,0.0,0.0,0,0,2
1458.262093081514,1511.0863736615102,0.0,0.0,0.0,0.0,0,0,1
1407.7596337371954,1428.1255876914322,0.0,0.0,0.0,0.0,0,1,2
1464.352656120186,1466.7032316500306,0.0,0.0,0.0,0.0,0,0,2
1525.4675859547558,1558.0280170978867,0.0,0.0,0.0,0.0,0,0,1
1553.1713801348133,1641.86100575369,0.0,0.0,0.0,0.0,0,0,1
1449.9951255346248,1491.6374430204237,0.0,0.0,0.0,0.0,0,0,0
1507.9056021780962,1563.1706284559789,0.0,0.0,0.0,0.0,0,0,0
1502.5440189900244,1467.7292132221924,0.0,0.0,0.0,0.0,0,0,2
1540.853056804062,1608.4855820553466,0.0,0.0,0.0,0.0,0,0,2
1477.9066495571535,1616.4879458319438,0.0,0.0,0.0,0.0,0,0,2
1469.890814539136,1482.7890574841608,0.0,0.0,0.0,0.0,0,0,0
1506.5349432252208,1563.9460087791244,0.0,0.0,0.0,0.0,0,0,0
1518.5380811562743,1727.7885335908072,0.0,0.0,0.0,0.0,0,0,0
1480.6808298209546,1477.7031332667414,0.0,0.0,0.0,0.0,0,0,1
1475.917075835574,1557.4685182893215,0.0,0.0,0.0,0.0,0,0,1
1507.1020654390925,1674.6794609727358,0.0,0.0,0.0,0.0,1,0,2
1464.46090247214,1476.6761681991654,0.0,0.0,0.0,0.0,0,0,0
1466.5949852980764,1492.6722985438587,0.0,0.0,0.0,0.0,0,0,1
1542.9626747739003,1408.6964478388988,0.0,0.0,0.0,0.0,0,0,0
1540.5329282787422,1427.1887735897287,0.0,0.0,0.0,0.0,0,1,1
1576.6468297114973,1498.195344172544,0.0,0.0,0.0,0.0,0,0,1
1573.1692268140546,1610.4242522633206,0.0,0.0,0.0,0.0,0,0,0
1543.9288962352375,1500.9460826799846,0.0,0.0,0.0,0.0,0,0,0
1577.3259352674836,1505.7288738827078,0.0,0.0,0.0,0.0,0,0,2
1735.1699137214098,1483.7936399305074,0.0,0.0,0.0,0.0,0,0,1
1514.271743897334,1416.2308510144724,0.0,0.0,0.0,0.0,1,1,0
1492.1138660938243,1496.5437051844208,0.0,0.0,0.0,0.0,0,0,0
1430.5891700958846,1667.5097825144942,0.0,0.0,0.0,0.0,0,0,1
1624.715140361462,1741.2645638299853,0.0,0.0,0.0,0.0,0,0,0
1589.0941799051,1436.629659974556,0.0,0.0,0.0,0.0,0,1,1
1574.0746618787698,1456.073349444705,0.0,0.0,0.0,0.0,0,0,2
1518.915477257909,1512.3397146091295,0.0,0.0,0.0,0.0,0,0,0
1598.4914176919106,1461.307774553153,0.0,0.0,0.0,0.0,0,0,1
1752.089925956296,1528.6425035164953,0.0,0.0,0.0,0.0,0,0,1
1451.316264371866,1521.7149716537065,0.0,0.0,0.0,0.0,0,0,0
1608.4829278731977,1759.0174578190847,0.0,0.0,0.0,0.0,0,0,0
1621.863159074449,1502.6126883505433,0.0,0.0,0.0,0.0,0,0,0
1613.8897782351514,1521.0699525169146,0.0,0.0,0.0,0.0,0,0,2
1768.4886075694556,1600.5774255593026,0.0,0.0,0.0,0.0,0,0,0
1599.0117781228266,1642.0256031656738,0.0,0.0,0.0,0.0,0,0,0
1525.2455905919485,1623.759383609154,0.0,0.0,0.0,0.0,0,0,0
1584.982579180238,1513.664523806141,0.0,0.0,0.0,0.0,0,0,1
1656.0548021082625,1635.3404503949612,0.0,0.0,0.0,0.0,0,0,2
1597.7436259510023,1511.1567010256715,0.0,0.0,0.0,0.0,0,0,1
1551.4908508539986,1495.605173724438,0.0,0.0,0.0,0.0,0,0,0
1609.7141401601175,1485.7479939789412,0.0,0.0,0.0,0.0,0,0,1
1500.0,1525.959501657313,0.0,0.0,0.0,0.0,0,0,2
1605.409742624171,1500.0,0.0,0.0,0.0,0.0,0,0,1
1500.0,1577.685768614106,0.0,0.0,0.0,0.0,0,0,0
1493.8729349372502,1470.5694233087725,0.0,0.0,0.0,0.0,1,0,1
1500.0,1500.9034770353765,0.0,0.0,0.0,0.0,0,0,0
1476.6702039930597,1476.3178566691158,0.0,0.0,0.0,0.0,0,0,1
1427.2324221877454,1500.0,0.0,0.0,0.0,0.0,1,0,0
1655.1019996441084,1500.0,0.0,0.0,0.0,0.0,0,0,1
1438.5145933731474,1500.0,0.0,0.0,0.0,0.0,0,0,1
1636.2932528591152,1423.7845153505957,0.0,0.0,0.0,0.0,0,0,2
1745.3066495196042,1537.7804204004574,0.0,0.0,0.0,0.0,0,0,1
1568.8402367703218,1500.0,0.0,0.0,0.0,0.0,0,0,1
1449.023204577481,1435.9036946723406,0.0,0.0,0.0,0.0,0,0,2
1609.836703057244,1532.939189114496,0.0,0.0,0.0,0.0,0,0,1
1514.1568354639408,1499.0636239194305,0.0,0.0,0.0,0.0,0,0,1
1620.2358177825308,1501.1932595210565,0.0,0.0,0.0,0.0,0,0,1
1524.7662421362566,1475.226316356528,0.0,0.0,0.0,0.0,0,0,1
1616.6990999470313,1487.5191093962094,0.0,0.0,0.0,0.0,0,0,1
1590.1666592178967,1488.7106426771395,0.0,0.0,0.0,0.0,0,0,1
1508.801374987607,1484.041606561287,0.0,0.0,0.0,0.0,1,0,2
1516.8618704740895,1485.0011970765288,0.0,0.0,0.0,0.0,0,0,1
1512.697083708724,1490.7032214489986,0.0,0.0,0.0,0.0,0,0,0
1664.3987781951098,1414.5353384790214,0.0,0.0,0.0,0.0,0,1,2
1460.3340828574665,1530.3425258261686,0.0,0.0,0.0,0.0,0,0,2
1752.744544093893,1492.653977804709,0.0,0.0,0.0,0.0,0,0,1
1627.5686600389763,1457.31690749463,0.0,0.0,0.0,0.0,0,0,2
1481.1976858785174,1432.5091081707344,0.0,0.0,0.0,0.0,0,0,0
1436.5075834316076,1487.129365218809,0.0,0.0,0.0,0.0,0,0,0
1581.7108715515128,1448.419315818214,0.0,0.0,0.0,0.0,0,0,1
1529.4622042969058,1622.3521552635066,0.0,0.0,0.0,0.0,0,0,0
1483.7582550864652,1520.4237369082334,0.0,0.0,0.0,0.0,0,0,0
1538.5001806864566,1630.95861572268,0.0,0.0,0.0,0.0,0,0,2
1461.492377806328,1490.470461580907,0.0,0.0,0.0,0.0,0,0,1
1455.6409832584156,1485.1799096892196,0.0,0.0,0.0,0.0,0,0,2
1531.3987312835095,1507.6630718596743,0.0,0.0,0.0,0.0,0,1,1
1601.6228617618367,1627.0099191642903,0.0,0.0,0.0,0.0,0,0,2
1477.2544401331998,1477.2082901789502,0.0,0.0,0.0,0.0,0,0,1
1495.685579701631,1654.536511191,0.0,0.0,0.0,0.0,0,0,0
1507.7147254560916,1424.3976054831312,0.0,0.0,0.0,0.0,0,1,1
1463.5151537979737,1758.5955283644985,0.0,0.0,0.0,0.0,0,0,0
1527.1614548856614,1486.8029935341035,0.0,0.0,0.0,0.0,0,0,2
1500.814503489889,1438.2732010800648,0.0,0.0,0.0,0.0,0,0,1
1422.8224451605276,1591.856986289662,0.0,0.0,0.0,0.0,0,0,0
1462.9700572942174,1620.3008931773222,0.0,0.0,0.0,0.0,0,0,0
1450.7367367550344,1464.584674356284,0.0,0.0,0.0,0.0,0,0,1
1634.17350791094,1542.6603054177538,0.0,0.0,0.0,0.0,0,0,1
1625.8428782481126,1492.7544420274105,0.0,0.0,0.0,0.0,0,1,1
1626.7984909913828,1517.6408516494726,0.0,0.0,0.0,0.0,0,0,1
1546.3073611157731,1602.7899026780146,0.0,0.0,0.0,0.0,0,0,1
1663.691593736889,1488.65325475063,0.0,0.0,0.0,0.0,0,0,1
1467.3741203632237,1513.965080418581,0.0,0.0,0.0,0.0,0,0,2
1763.5441905809168,1519.9497262401455,0.0,0.0,0.0,0.0,0,0,1
1600.633779066421,1629.5132737083989,0.0,0.0,0.0,0.0,0,0,0
1646.05399860189,1635.997096598408,0.0,0.0,0.0,0.0,0,0,2
1672.2499767456684,1511.8322567536463,0.0,0.0,0.0,0.0,0,0,1
1584.211460760142,1769.8629268589152,0.0,0.0,0.0,0.0,0,0,1
1469.3271495322322,1513.6309899621472,0.0,0.0,0.0,0.0,0,0,2
1636.4601047438316,1645.5909904564664,0.0,0.0,0.0,0.0,0,0,0
1478.8237820076022,1585.9606744019873,0.0,0.0,0.0,0.0,0,0,0
1471.3564296449504,1608.030622476354,0.0,0.0,0.0,0.0,0,0,0
1661.1705944119103,1597.177494692797,0.0,0.0,0.0,0.0,0,0,0
1461.3447558752828,1642.2564825573234,0.0,0.0,0.0,0.0,0,0,0
1618.0422962460216,1616.091606547384,0.0,0.0,0.0,0.0,0,0,0
1493.1550167368616,1482.600223677115,0.0,0.0,0.0,0.0,0,1,2
1452.9966690216245,1644.186378372833,0.0,0.0,0.0,0.0,0,0,2
1447.947290748095,1453.309585198214,0.0,0.0,0.0,0.0,0,0,1
1620.8805007883875,1483.9703431257767,0.0,0.0,0.0,0.0,0,0,1
1637.9307171873515,1412.1626046990773,0.0,0.0,0.0,0.0,0,1,2
1495.5366894750664,1454.484527850753,0.0,0.0,0.0,0.0,0,0,0
1500.0,1511.601709849429,0.0,0.0,0.0,0.0,0,0,0
1650.6045694109816,1480.0948717418507,0.0,0.0,0.0,0.0,0,0,1
1601.9524646095183,1558.878338715913,0.0,0.0,0.0,0.0,0,0,1
1458.566491581555,1494.4294009225775,0.0,0.0,0.0,0.0,0,0,1
1681.3462253469947,1467.6069617167925,0.0,0.0,0.0,0.0,0,0,2
1463.3766344460753,1500.0,0.0,0.0,0.0,0.0,0,0,2
1493.2523148492785,1564.885803033646,0.0,0.0,0.0,0.0,0,0,2
1746.0437651427033,1492.3371287836796,0.0,0.0,0.0,0.0,0,0,1
1482.18216621135,1463.7291195243629,0.0,0.0,0.0,0.0,0,0,0
1632.1814381838872,1469.5069440281582,0.0,0.0,0.0,0.0,0,0,0
1492.6691000273554,1461.008448122144,0.0,0.0,0.0,0.0,0,0,0
1630.882832524693,1464.1942139275127,0.0,0.0,0.0,0.0,0,0,1
1437.0626620187963,1473.9680113894717,0.0,0.0,0.0,0.0,0,0,1
1636.1745992723131,1483.0861403866213,0.0,0.0,0.0,0.0,0,1,0
1659.3273778706136,1484.5340799886903,0.0,0.0,0.0,0.0,0,0,0
1472.366300615524,1421.3073082688638,0.0,0.0,0.0,0.0,0,1,2
1628.786013617565,1477.6549167102953,0.0,0.0,0.0,0.0,0,0,2
1615.9789287860556,1476.2121988823053,0.0,0.0,0.0,0.0,0,0,1
1527.0676298607386,1471.3720632822187,0.0,0.0,0.0,0.0,0,0,2
1476.7836936218273,1544.8518745393758,0.0,0.0,0.0,0.0,0,0,0
1498.3196507480673,1476.3712959465938,0.0,0.0,0.0,0.0,0,0,0
1672.5818911171934,1465.056983698008,0.0,0.0,0.0,0.0,0,0,2
1752.0725037293885,1496.505196451668,0.0,0.0,0.0,0.0,0,0,1
1561.6329214312564,1486.3083901969944,0.0,0.0,0.0,0.0,0,0,1
1480.578115568141,1492.495036897707,0.0,0.0,0.0,0.0,0,0,1
1609.1933453143383,1465.3331701675722,0.0,0.0,0.0,0.0,0,0,1
1505.7127251007305,1478.4624525315844,0.0,0.0,0.0,0.0,1,0,0
1613.548014558204,1475.215095617915,0.0,0.0,0.0,0.0,0,0,0
1456.2748206286346,1455.331143827212,0.0,0.0,0.0,0.0,0,0,2
1454.7558527796332,1639.7459026249935,0.0,0.0,0.0,0.0,0,0,0
1470.0317296453954,1622.2342809433414,0.0,0.0,0.0,0.0,0,0,0
1423.6418792389925,1484.2066493845189,0.0,0.0,0.0,0.0,1,0,1
1524.5245011112522,1635.8946072749948,0.0,0.0,0.0,0.0,0,0,0
1473.9151920317051,1507.9668505843092,0.0,0.0,0.0,0.0,0,0,1
1481.3102340784,1664.0198291280087,0.0,0.0,0.0,0.0,0,0,1
1493.380712616261,1473.6190456871927,0.0,0.0,0.0,0.0,0,0,2
1557.756718530462,1466.3225823854584,0.0,0.0,0.0,0.0,0,0,0
1463.8788496307411,1625.8685452829025,0.0,0.0,0.0,0.0,0,0,0
1574.2174440419858,1758.0490094821853,0.0,0.0,0.0,0.0,0,0,2
1473.723867586265,1490.528690698871,0.0,0.0,0.0,0.0,0,0,0
1497.1266949647493,1618.9226739234202,0.0,0.0,0.0,0.0,0,0,0
1475.9464575010984,1455.6038415584903,0.0,0.0,0.0,0.0,0,0,2
1495.7148069878783,1455.374601643056,0.0,0.0,0.0,0.0,0,0,1
1442.4030780497949,1513.4845520697563,0.0,0.0,0.0,0.0,1,0,0
1646.9345563164904,1631.6415314442968,0.0,0.0,0.0,0.0,0,0,1
1647.9499473511328,1488.4603706444366,0.0,0.0,0.0,0.0,0,1,1
1634.9059948092815,1505.025847239015,0.0,0.0,0.0,0.0,0,0,1
1750.2938045844232,1486.516605911437,0.0,0.0,0.0,0.0,0,0,1
1492.4716343553876,1486.4386917282873,0.0,0.0,0.0,0.0,0,0,2
1629.5327629767326,1581.9726489397478,0.0,0.0,0.0,0.0,0,0,1
1657.081020825526,1475.0107144742776,0.0,0.0,0.0,0.0,0,0,1
1665.388021931422,1466.7037133683814,0.0,0.0,0.0,0.0,0,0,1
1477.698989821932,1429.6315813395836,0.0,0.0,0.0,0.0,0,1,1
1491.4994195924032,1415.8311515691123,0.0,0.0,0.0,0.0,0,1,1
1591.494119013144,1662.2307409795628,0.0,0.0,0.0,0.0,0,0,0
1578.7073848401003,1675.0174751526065,0.0,0.0,0.0,0.0,0,0,0
1756.044005147188,1447.7057911796785,0.0,0.0,0.0,0.0,0,0,1
1760.6817454460397,1443.0680508808268,0.0,0.0,0.0,0.0,0,0,1
1673.1204454840229,1504.068837065006,0.0,0.0,0.0,0.0,0,0,1
1681.8966124850822,1495.2926700639466,0.0,0.0,0.0,0.0,0,0,1
1645.188667434767,1469.440522447616,0.0,0.0,0.0,0.0,0,0,2
1637.721458009206,1476.907731873177,0.0,0.0,0.0,0.0,0,0,2
1765.1117349305505,1686.6924485032202,0.0,0.0,0.0,0.0,0,0,0
1745.5604948708142,1706.2436885629563,0.0,0.0,0.0,0.0,0,0,0
1630.8028724538526,1690.0441080009236,0.0,0.0,0.0,0.0,0,0,2
1633.5048968778178,1687.3420835769584,0.0,0.0,0.0,0.0,0,0,2
1727.7575784160804,1635.96453599217,0.0,0.0,0.0,0.0,0,0,0
1707.626038791468,1656.0960756167824,0.0,0.0,0.0,0.0,0,0,0
1689.2702447813367,1525.311193669135,0.0,0.0,0.0,0.0,0,0,1
1724.0466050176904,1684.8824444626064,0.0,0.0,0.0,0.0,0,0,1
1738.2506292459498,1670.678420234347,0.0,0.0,0.0,0.0,0,0,1
1479.3292971700434,1454.841400104362,0.0,0.0,0.0,0.0,1,0,1
1643.3561175941154,1674.4518696269135,0.0,0.0,0.0,0.0,0,0,0
1480.7664053486722,1491.4783270716734,0.0,0.0,0.0,0.0,0,0,1
1438.638061396316,1446.551808053494,0.0,0.0,0.0,0.0,0,0,1
1509.8653752536902,1483.8263174285305,0.0,0.0,0.0,0.0,0,0,0
1616.3453467812244,1640.3042159673937,0.0,0.0,0.0,0.0,0,0,0
1505.7554029314135,1486.7164910837691,0.0,0.0,0.0,0.0,0,0,1
1458.971289815781,1506.5086254535038,0.0,0.0,0.0,0.0,0,0,1
1567.0324114894863,1456.539584585311,0.0,0.0,0.0,0.0,0,0,1
1657.7515845627563,1500.0,0.0,0.0,0.0,0.0,0,0,1
1751.1774649175402,1568.149294322365,0.0,0.0,0.0,0.0,0,0,1
1470.4643362671088,1456.2313628127906,0.0,0.0,0.0,0.0,0,0,2
1526.2560487799676,1403.2617340965096,0.0,0.0,0.0,0.0,0,1,0
1487.1451745481052,1465.4454505737167,0.0,0.0,0.0,0.0,0,0,1
1698.234357620316,1494.2034515017344,0.0,0.0,0.0,0.0,0,1,2
1475.4736439114276,1441.224033377244,0.0,0.0,0.0,0.0,0,0,2
1474.9851810935772,1689.0236687710665,0.0,0.0,0.0,0.0,0,0,0
1628.7843184499625,1497.2595513267684,0.0,0.0,0.0,0.0,0,0,0
1439.967245772671,1516.3470808301558,0.0,0.0,0.0,0.0,0,0,0
1455.0024398846788,1520.8795051977013,0.0,0.0,0.0,0.0,0,0,1
1492.6684724754202,1601.4469478627525,0.0,0.0,0.0,0.0,0,0,1
1471.5923888174814,1430.1874295651314,0.0,0.0,0.0,0.0,0,0,2
1655.2026148858658,1501.0232202068005,0.0,0.0,0.0,0.0,0,0,0
1477.1469056186845,1578.1089067239168,0.0,0.0,0.0,0.0,0,0,0
1445.4630893508809,1488.3330096506,0.0,0.0,0.0,0.0,0,0,0
1666.948084159954,1469.8092500303865,0.0,0.0,0.0,0.0,0,0,1
1759.4505973977457,1504.81727189966,0.0,0.0,0.0,0.0,0,0,2
1456.886449049513,1490.803500402803,0.0,0.0,0.0,0.0,0,0,1
1502.1471626917364,1473.9014803572236,0.0,0.0,0.0,0.0,0,0,1
1442.796196931448,1450.4434624300854,0.0,0.0,0.0,0.0,0,0,0
1424.7005109768172,1559.8761618421595,0.0,0.0,0.0,0.0,1,0,2
1467.759155886992,1607.001036285432,0.0,0.0,0.0,0.0,0,0,0
1696.2496939776518,1519.0428334912988,0.0,0.0,0.0,0.0,0,0,1
1427.4290769483084,1689.7877405777256,0.0,0.0,0.0,0.0,0,0,0
1528.8852496545185,1502.6500685443248,0.0,0.0,0.0,0.0,0,1,0
1632.5344624773393,1513.5203960719707,0.0,0.0,0.0,0.0,0,0,0
1523.691372615327,1580.5950242662018,0.0,0.0,0.0,0.0,0,0,2
1469.694595772692,1474.000349977727,0.0,0.0,0.0,0.0,0,0,0
1432.085222609921,1501.8815951046531,0.0,0.0,0.0,0.0,0,0,1
1474.4434441320684,1674.7327962015702,0.0,0.0,0.0,0.0,0,0,0
1473.2465053202473,1462.02453798877,0.0,0.0,0.0,0.0,0,0,1
1431.427363563723,1465.6697791689546,0.0,0.0,0.0,0.0,0,0,0
1502.3687354377578,1589.586033173647,0.0,0.0,0.0,0.0,0,0,2
1430.6293980785215,1749.453278231356,0.0,0.0,0.0,0.0,1,0,0
1553.9472747404552,1514.8145910660496,0.0,0.0,0.0,0.0,0,0,1
1427.1483096617983,1516.849259102835,0.0,0.0,0.0,0.0,0,0,0
1466.091349699735,1459.199383946125,0.0,0.0,0.0,0.0,0,0,2
1695.5765591382583,1510.5624845440468,0.0,0.0,0.0,0.0,0,0,2
1687.779760177886,1518.3592835044192,0.0,0.0,0.0,0.0,0,0,2
1489.802072819515,1534.7964287378588,0.0,0.0,0.0,0.0,0,0,1
1507.8626328990936,1516.7358686582802,0.0,0.0,0.0,0.0,0,0,1
1704.7300429249035,1519.855952211428,0.0,0.0,0.0,0.0,0,1,1
1712.9381606326915,1511.6478345036403,0.0,0.0,0.0,0.0,0,1,1
1526.2887000361911,1451.2569122471718,0.0,0.0,0.0,0.0,0,0,2
1522.886091970947,1454.659520312416,0.0,0.0,0.0,0.0,0,0,2
1585.6518235616325,1466.765070619254,0.0,0.0,0.0,0.0,0,0,1
1596.3810170068964,1456.03587717399,0.0,0.0,0.0,0.0,0,0,1
1753.8567459125088,1465.7740045709504,0.0,0.0,0.0,0.0,0,0,1
1758.976275044902,1460.6544754385573,0.0,0.0,0.0,0.0,0,0,1
