National_Team,Squad_Number,Position,Recent_Form_Sharpness_Rating,Career_Caps,Career_Goals
Algeria,1,GK,7.4,96,2
Algeria,2,DF,7.72,24,1
Algeria,3,DF,7.22,78,2
Algeria,4,DF,7.79,103,2
Algeria,5,DF,7.12,5,3
Algeria,6,MF,7.85,5,3
Algeria,7,MF,7.25,79,1
Algeria,8,MF,7.52,111,0
Algeria,9,FW,7.33,62,44
Algeria,10,FW,7.14,63,18
Algeria,11,FW,7.29,65,5
Algeria,12,GK,7.79,10,4
Algeria,13,DF,7.46,21,3
Algeria,14,DF,7.85,17,1
Algeria,15,DF,7.41,93,4
Algeria,16,MF,7.28,95,3
Algeria,17,MF,7.2,11,2
Algeria,18,MF,7.83,39,1
Algeria,19,MF,7.63,5,5
Algeria,20,FW,7.52,109,6
Algeria,21,FW,7.25,66,20
Algeria,22,FW,7.72,37,12
Algeria,23,GK,7.82,17,5
Algeria,24,DF,7.26,65,4
Algeria,25,MF,7.41,85,4
Algeria,26,FW,7.57,92,43
Argentina,1,GK,9.64,48,0
Argentina,2,DF,9.41,12,0
Argentina,3,DF,9.56,91,2
Argentina,4,DF,9.56,11,2
Argentina,5,DF,10.0,8,1
Argentina,6,MF,9.69,44,3
Argentina,7,MF,10.0,75,3
Argentina,8,MF,9.66,51,5
Argentina,9,FW,9.66,102,42
Argentina,10,FW,9.62,38,3
Argentina,11,FW,9.71,50,16
Argentina,12,GK,10.0,8,1
Argentina,13,DF,9.59,17,2
Argentina,14,DF,9.82,18,1
Argentina,15,DF,9.42,80,2
Argentina,16,MF,9.43,106,0
Argentina,17,MF,9.65,99,3
Argentina,18,MF,10.0,26,4
Argentina,19,MF,9.83,32,3
Argentina,20,FW,10.0,74,24
Argentina,21,FW,10.0,45,8
Argentina,22,FW,9.77,111,22
Argentina,23,GK,10.0,78,1
Argentina,24,DF,9.5,92,5
Argentina,25,MF,9.49,30,5
Argentina,26,FW,9.4,80,43
Australia,1,GK,8.18,73,2
Australia,2,DF,8.27,40,0
Australia,3,DF,8.03,47,2
Australia,4,DF,8.19,99,0
Australia,5,DF,8.26,65,0
Australia,6,MF,8.14,15,5
Australia,7,MF,8.49,6,0
Australia,8,MF,8.05,59,0
Australia,9,FW,8.15,5,4
Australia,10,FW,8.26,90,39
Australia,11,FW,8.21,4,21
Australia,12,GK,8.48,56,3
Australia,13,DF,8.29,73,3
Australia,14,DF,8.0,59,2
Australia,15,DF,8.13,41,4
Australia,16,MF,8.44,73,5
Australia,17,MF,8.36,115,0
Australia,18,MF,8.05,62,5
Australia,19,MF,8.49,6,3
Australia,20,FW,8.19,39,21
Australia,21,FW,8.5,22,22
Australia,22,FW,8.45,55,43
Australia,23,GK,8.49,42,1
Australia,24,DF,8.6,14,3
Australia,25,MF,8.52,53,5
Australia,26,FW,8.49,10,18
Austria,1,GK,8.05,119,3
Austria,2,DF,7.61,4,5
Austria,3,DF,8.12,40,2
Austria,4,DF,7.55,108,2
Austria,5,DF,7.96,83,2
Austria,6,MF,8.09,57,0
Austria,7,MF,7.91,78,0
Austria,8,MF,7.53,41,3
Austria,9,FW,7.86,115,27
Austria,10,FW,7.93,96,20
Austria,11,FW,7.53,85,4
Austria,12,GK,7.95,83,4
Austria,13,DF,7.58,36,3
Austria,14,DF,7.59,24,3
Austria,15,DF,7.69,11,2
Austria,16,MF,7.93,36,3
Austria,17,MF,7.81,89,5
Austria,18,MF,7.6,41,5
Austria,19,MF,7.71,57,2
Austria,20,FW,7.75,24,32
Austria,21,FW,7.92,114,35
Austria,22,FW,7.56,64,21
Austria,23,GK,7.86,67,0
Austria,24,DF,7.43,47,3
Austria,25,MF,7.78,49,4
Austria,26,FW,8.11,108,39
Belgium,1,GK,9.81,116,5
Belgium,2,DF,9.84,102,3
Belgium,3,DF,9.75,66,4
Belgium,4,DF,9.37,90,0
Belgium,5,DF,9.32,21,0
Belgium,6,MF,9.38,57,1
Belgium,7,MF,9.81,49,1
Belgium,8,MF,9.56,89,1
Belgium,9,FW,9.27,109,4
Belgium,10,FW,9.32,107,35
Belgium,11,FW,9.18,51,41
Belgium,12,GK,9.3,29,2
Belgium,13,DF,9.27,27,4
Belgium,14,DF,9.13,10,0
Belgium,15,DF,9.57,23,0
Belgium,16,MF,9.12,113,5
Belgium,17,MF,9.78,90,3
Belgium,18,MF,9.53,35,5
Belgium,19,MF,9.33,61,5
Belgium,20,FW,9.3,61,24
Belgium,21,FW,9.27,45,8
Belgium,22,FW,9.31,110,39
Belgium,23,GK,9.48,56,3
Belgium,24,DF,9.24,8,3
Belgium,25,MF,9.74,99,3
Belgium,26,FW,9.4,102,42
Bosnia & Herz.,1,GK,8.36,16,1
Bosnia & Herz.,2,DF,8.2,33,2
Bosnia & Herz.,3,DF,8.42,66,2
Bosnia & Herz.,4,DF,8.13,58,1
Bosnia & Herz.,5,DF,7.8,65,0
Bosnia & Herz.,6,MF,8.33,4,1
Bosnia & Herz.,7,MF,8.52,114,1
Bosnia & Herz.,8,MF,7.98,51,0
Bosnia & Herz.,9,FW,8.31,4,18
Bosnia & Herz.,10,FW,8.2,67,7
Bosnia & Herz.,11,FW,8.27,70,14
Bosnia & Herz.,12,GK,8.24,54,4
Bosnia & Herz.,13,DF,7.88,32,5
Bosnia & Herz.,14,DF,7.86,50,0
Bosnia & Herz.,15,DF,8.03,65,3
Bosnia & Herz.,16,MF,7.92,19,1
Bosnia & Herz.,17,MF,8.39,88,3
Bosnia & Herz.,18,MF,7.92,97,4
Bosnia & Herz.,19,MF,8.1,13,5
Bosnia & Herz.,20,FW,8.29,37,33
Bosnia & Herz.,21,FW,7.8,22,34
Bosnia & Herz.,22,FW,8.47,72,6
Bosnia & Herz.,23,GK,8.28,83,1
Bosnia & Herz.,24,DF,7.8,35,2
Bosnia & Herz.,25,MF,8.42,15,1
Bosnia & Herz.,26,FW,8.24,36,35
Brazil,1,GK,10.0,46,4
Brazil,2,DF,9.9,68,0
Brazil,3,DF,9.92,46,3
Brazil,4,DF,9.62,15,5
Brazil,5,DF,9.41,118,1
Brazil,6,MF,9.95,84,1
Brazil,7,MF,9.66,29,1
Brazil,8,MF,9.42,37,2
Brazil,9,FW,9.63,71,13
Brazil,10,FW,10.0,39,27
Brazil,11,FW,10.0,39,12
Brazil,12,GK,9.74,27,2
Brazil,13,DF,10.0,115,3
Brazil,14,DF,9.7,106,5
Brazil,15,DF,9.85,15,0
Brazil,16,MF,9.94,26,0
Brazil,17,MF,9.59,33,0
Brazil,18,MF,9.83,87,0
Brazil,19,MF,9.66,62,2
Brazil,20,FW,9.71,15,43
Brazil,21,FW,10.0,12,9
Brazil,22,FW,10.0,98,21
Brazil,23,GK,9.79,19,4
Brazil,24,DF,9.47,15,0
Brazil,25,MF,9.84,88,3
Brazil,26,FW,10.0,19,41
Cabo Verde,1,GK,7.47,45,1
Cabo Verde,2,DF,7.45,98,1
Cabo Verde,3,DF,7.75,90,4
Cabo Verde,4,DF,7.68,21,3
Cabo Verde,5,DF,7.95,61,3
Cabo Verde,6,MF,8.09,105,5
Cabo Verde,7,MF,7.96,45,0
Cabo Verde,8,MF,8.06,69,4
Cabo Verde,9,FW,7.81,41,21
Cabo Verde,10,FW,7.87,112,3
Cabo Verde,11,FW,8.1,20,9
Cabo Verde,12,GK,8.19,7,3
Cabo Verde,13,DF,7.7,34,2
Cabo Verde,14,DF,8.02,57,2
Cabo Verde,15,DF,7.6,22,5
Cabo Verde,16,MF,7.79,16,1
Cabo Verde,17,MF,7.77,61,3
Cabo Verde,18,MF,7.5,64,0
Cabo Verde,19,MF,8.0,6,4
Cabo Verde,20,FW,7.59,66,27
Cabo Verde,21,FW,8.09,41,8
Cabo Verde,22,FW,8.04,48,34
Cabo Verde,23,GK,7.84,50,4
Cabo Verde,24,DF,7.43,88,2
Cabo Verde,25,MF,8.14,39,2
Cabo Verde,26,FW,7.96,60,20
Canada,1,GK,8.82,52,5
Canada,2,DF,8.92,4,4
Canada,3,DF,9.24,6,0
Canada,4,DF,9.42,77,5
Canada,5,DF,9.05,31,4
Canada,6,MF,8.91,95,3
Canada,7,MF,9.05,61,3
Canada,8,MF,9.15,95,4
Canada,9,FW,9.46,67,29
Canada,10,FW,9.24,20,11
Canada,11,FW,8.93,87,15
Canada,12,GK,9.23,32,4
Canada,13,DF,9.41,9,1
Canada,14,DF,9.02,72,0
Canada,15,DF,9.02,59,5
Canada,16,MF,9.38,112,4
Canada,17,MF,8.7,36,5
Canada,18,MF,9.33,99,0
Canada,19,MF,8.98,29,0
Canada,20,FW,9.46,30,15
Canada,21,FW,8.73,108,37
Canada,22,FW,8.79,24,8
Canada,23,GK,9.24,72,4
Canada,24,DF,9.48,56,4
Canada,25,MF,9.26,77,1
Canada,26,FW,8.99,88,16
Colombia,1,GK,9.56,4,2
Colombia,2,DF,9.62,7,5
Colombia,3,DF,10.0,107,1
Colombia,4,DF,9.69,75,1
Colombia,5,DF,9.8,57,5
Colombia,6,MF,10.0,53,3
Colombia,7,MF,10.0,111,4
Colombia,8,MF,9.47,60,0
Colombia,9,FW,9.51,50,25
Colombia,10,FW,10.0,88,16
Colombia,11,FW,9.96,54,41
Colombia,12,GK,9.51,101,5
Colombia,13,DF,9.89,85,5
Colombia,14,DF,9.84,54,1
Colombia,15,DF,9.68,41,0
Colombia,16,MF,10.0,33,1
Colombia,17,MF,10.0,8,4
Colombia,18,MF,9.52,59,0
Colombia,19,MF,9.79,87,4
Colombia,20,FW,10.0,56,4
Colombia,21,FW,9.66,110,13
Colombia,22,FW,9.46,26,18
Colombia,23,GK,9.52,19,3
Colombia,24,DF,9.55,59,0
Colombia,25,MF,10.0,70,2
Colombia,26,FW,9.93,53,21
Congo DR,1,GK,6.84,85,3
Congo DR,2,DF,6.46,25,4
Congo DR,3,DF,6.62,8,0
Congo DR,4,DF,6.47,49,1
Congo DR,5,DF,6.29,93,4
Congo DR,6,MF,6.44,29,0
Congo DR,7,MF,6.57,89,5
Congo DR,8,MF,6.31,51,4
Congo DR,9,FW,6.19,39,3
Congo DR,10,FW,6.25,102,17
Congo DR,11,FW,6.61,59,24
Congo DR,12,GK,6.37,31,5
Congo DR,13,DF,6.55,112,1
Congo DR,14,DF,6.21,59,2
Congo DR,15,DF,6.75,114,5
Congo DR,16,MF,6.78,112,1
Congo DR,17,MF,6.54,102,2
Congo DR,18,MF,6.38,92,4
Congo DR,19,MF,6.33,42,0
Congo DR,20,FW,6.86,89,28
Congo DR,21,FW,6.61,28,19
Congo DR,22,FW,6.46,28,6
Congo DR,23,GK,6.47,108,4
Congo DR,24,DF,6.57,103,5
Congo DR,25,MF,6.65,11,0
Congo DR,26,FW,6.63,45,43
Croatia,1,GK,7.52,55,1
Croatia,2,DF,7.74,62,2
Croatia,3,DF,8.04,104,0
Croatia,4,DF,7.44,25,4
Croatia,5,DF,7.37,115,3
Croatia,6,MF,7.93,65,5
Croatia,7,MF,7.89,27,0
Croatia,8,MF,7.31,118,4
Croatia,9,FW,8.04,98,8
Croatia,10,FW,7.57,95,13
Croatia,11,FW,7.94,9,32
Croatia,12,GK,7.39,54,5
Croatia,13,DF,7.99,82,2
Croatia,14,DF,7.71,54,4
Croatia,15,DF,7.87,73,1
Croatia,16,MF,7.51,22,3
Croatia,17,MF,7.66,116,3
Croatia,18,MF,7.34,93,5
Croatia,19,MF,7.48,40,5
Croatia,20,FW,7.37,103,15
Croatia,21,FW,7.68,36,8
Croatia,22,FW,7.52,13,7
Croatia,23,GK,7.3,47,1
Croatia,24,DF,7.51,5,3
Croatia,25,MF,7.45,104,0
Croatia,26,FW,7.86,78,17
Curaçao,1,GK,5.98,38,5
Curaçao,2,DF,5.69,72,5
Curaçao,3,DF,6.2,53,5
Curaçao,4,DF,6.35,78,0
Curaçao,5,DF,5.76,102,2
Curaçao,6,MF,6.34,67,5
Curaçao,7,MF,5.64,96,2
Curaçao,8,MF,6.24,17,3
Curaçao,9,FW,5.73,88,39
Curaçao,10,FW,6.25,81,28
Curaçao,11,FW,6.33,92,44
Curaçao,12,GK,5.91,43,5
Curaçao,13,DF,6.32,41,0
Curaçao,14,DF,6.2,18,0
Curaçao,15,DF,5.79,100,1
Curaçao,16,MF,6.03,107,2
Curaçao,17,MF,6.03,73,5
Curaçao,18,MF,5.87,54,1
Curaçao,19,MF,5.71,18,4
Curaçao,20,FW,6.0,97,41
Curaçao,21,FW,6.06,32,40
Curaçao,22,FW,6.2,104,29
Curaçao,23,GK,6.2,71,5
Curaçao,24,DF,6.17,8,2
Curaçao,25,MF,6.2,41,4
Curaçao,26,FW,5.69,103,26
Czechia,1,GK,6.22,18,4
Czechia,2,DF,6.17,32,3
Czechia,3,DF,6.31,5,2
Czechia,4,DF,6.25,118,3
Czechia,5,DF,6.17,46,2
Czechia,6,MF,6.01,14,5
Czechia,7,MF,6.46,41,5
Czechia,8,MF,6.05,50,1
Czechia,9,FW,6.49,15,28
Czechia,10,FW,6.2,65,20
Czechia,11,FW,6.22,114,42
Czechia,12,GK,6.43,79,3
Czechia,13,DF,6.19,71,4
Czechia,14,DF,6.47,75,1
Czechia,15,DF,6.35,34,1
Czechia,16,MF,5.79,54,4
Czechia,17,MF,5.82,44,5
Czechia,18,MF,6.46,4,5
Czechia,19,MF,5.92,93,5
Czechia,20,FW,5.88,90,3
Czechia,21,FW,6.43,58,42
Czechia,22,FW,6.22,50,11
Czechia,23,GK,6.33,77,3
Czechia,24,DF,6.36,29,0
Czechia,25,MF,5.82,119,0
Czechia,26,FW,6.42,41,4
Côte d'Ivoire,1,GK,9.67,94,1
Côte d'Ivoire,2,DF,10.0,46,2
Côte d'Ivoire,3,DF,9.66,54,5
Côte d'Ivoire,4,DF,9.44,74,3
Côte d'Ivoire,5,DF,9.64,91,0
Côte d'Ivoire,6,MF,9.59,66,2
Côte d'Ivoire,7,MF,9.81,31,1
Côte d'Ivoire,8,MF,9.83,74,0
Côte d'Ivoire,9,FW,10.0,52,22
Côte d'Ivoire,10,FW,9.63,95,42
Côte d'Ivoire,11,FW,9.7,4,34
Côte d'Ivoire,12,GK,9.35,90,2
Côte d'Ivoire,13,DF,9.47,86,5
Côte d'Ivoire,14,DF,9.46,32,0
Côte d'Ivoire,15,DF,9.33,33,2
Côte d'Ivoire,16,MF,9.35,81,2
Côte d'Ivoire,17,MF,9.66,69,5
Côte d'Ivoire,18,MF,9.65,117,5
Côte d'Ivoire,19,MF,9.75,66,3
Côte d'Ivoire,20,FW,9.45,32,41
Côte d'Ivoire,21,FW,9.9,13,12
Côte d'Ivoire,22,FW,10.0,37,35
Côte d'Ivoire,23,GK,9.32,95,1
Côte d'Ivoire,24,DF,9.99,11,0
Côte d'Ivoire,25,MF,9.74,70,2
Côte d'Ivoire,26,FW,9.7,75,39
Ecuador,1,GK,8.08,100,3
Ecuador,2,DF,8.12,37,2
Ecuador,3,DF,8.13,81,5
Ecuador,4,DF,8.6,71,3
Ecuador,5,DF,8.47,88,5
Ecuador,6,MF,8.17,51,1
Ecuador,7,MF,7.94,10,0
Ecuador,8,MF,8.1,22,4
Ecuador,9,FW,8.63,32,20
Ecuador,10,FW,8.65,50,7
Ecuador,11,FW,8.21,109,4
Ecuador,12,GK,8.22,15,3
Ecuador,13,DF,8.43,41,5
Ecuador,14,DF,8.22,56,3
Ecuador,15,DF,8.11,89,3
Ecuador,16,MF,8.05,77,5
Ecuador,17,MF,8.32,113,0
Ecuador,18,MF,8.32,84,5
Ecuador,19,MF,8.53,69,4
Ecuador,20,FW,8.26,76,24
Ecuador,21,FW,8.6,7,28
Ecuador,22,FW,8.35,112,36
Ecuador,23,GK,8.15,78,5
Ecuador,24,DF,8.66,88,1
Ecuador,25,MF,8.39,41,1
Ecuador,26,FW,8.38,28,40
Egypt,1,GK,9.43,90,4
Egypt,2,DF,8.78,88,2
Egypt,3,DF,9.49,9,2
Egypt,4,DF,9.24,15,4
Egypt,5,DF,9.3,74,1
Egypt,6,MF,9.5,29,4
Egypt,7,MF,9.07,49,1
Egypt,8,MF,8.9,110,0
Egypt,9,FW,8.83,39,28
Egypt,10,FW,8.82,14,42
Egypt,11,FW,9.12,39,41
Egypt,12,GK,9.25,57,1
Egypt,13,DF,9.08,27,5
Egypt,14,DF,8.87,59,0
Egypt,15,DF,8.98,114,3
Egypt,16,MF,8.9,119,2
Egypt,17,MF,9.44,112,2
Egypt,18,MF,9.03,29,1
Egypt,19,MF,8.85,76,0
Egypt,20,FW,9.1,64,42
Egypt,21,FW,9.11,42,37
Egypt,22,FW,9.42,104,32
Egypt,23,GK,8.77,15,2
Egypt,24,DF,9.02,62,2
Egypt,25,MF,9.54,20,1
Egypt,26,FW,9.32,116,14
England,1,GK,8.67,91,2
England,2,DF,8.82,24,0
England,3,DF,8.76,83,5
England,4,DF,9.02,85,0
England,5,DF,8.75,62,1
England,6,MF,8.27,29,1
England,7,MF,8.7,20,1
England,8,MF,8.69,10,5
England,9,FW,8.33,10,11
England,10,FW,8.39,75,25
England,11,FW,8.87,98,32
England,12,GK,8.28,102,1
England,13,DF,8.65,106,0
England,14,DF,8.75,27,2
England,15,DF,8.68,48,1
England,16,MF,8.94,46,1
England,17,MF,8.81,111,0
England,18,MF,8.66,89,0
England,19,MF,8.82,36,4
England,20,FW,8.73,69,37
England,21,FW,8.93,33,15
England,22,FW,8.66,35,34
England,23,GK,8.87,42,5
England,24,DF,8.51,65,0
England,25,MF,8.55,111,0
England,26,FW,8.7,111,12
France,1,GK,9.47,106,3
France,2,DF,9.99,97,0
France,3,DF,9.49,17,5
France,4,DF,10.0,21,5
France,5,DF,9.87,51,0
France,6,MF,10.0,82,0
France,7,MF,9.49,91,3
France,8,MF,9.57,40,4
France,9,FW,9.61,73,41
France,10,FW,10.0,49,26
France,11,FW,9.77,80,36
France,12,GK,9.53,55,3
France,13,DF,9.59,23,4
France,14,DF,9.92,118,4
France,15,DF,9.5,110,1
France,16,MF,9.71,44,0
France,17,MF,10.0,9,4
France,18,MF,9.45,50,0
France,19,MF,9.81,23,1
France,20,FW,9.82,109,37
France,21,FW,10.0,65,19
France,22,FW,9.52,35,37
France,23,GK,9.58,114,0
France,24,DF,9.87,17,4
France,25,MF,9.47,108,2
France,26,FW,9.62,32,11
Germany,1,GK,9.44,101,3
Germany,2,DF,9.43,82,0
Germany,3,DF,9.84,62,1
Germany,4,DF,9.73,82,5
Germany,5,DF,9.61,8,1
Germany,6,MF,9.83,40,3
Germany,7,MF,9.49,31,4
Germany,8,MF,10.0,117,4
Germany,9,FW,9.78,96,5
Germany,10,FW,9.68,101,42
Germany,11,FW,9.85,112,35
Germany,12,GK,10.0,22,3
Germany,13,DF,10.0,62,0
Germany,14,DF,9.67,48,0
Germany,15,DF,10.0,103,2
Germany,16,MF,10.0,10,4
Germany,17,MF,10.0,61,0
Germany,18,MF,9.42,26,1
Germany,19,MF,9.5,110,4
Germany,20,FW,9.99,34,20
Germany,21,FW,10.0,81,15
Germany,22,FW,9.81,42,4
Germany,23,GK,9.63,49,2
Germany,24,DF,10.0,20,1
Germany,25,MF,9.91,91,4
Germany,26,FW,10.0,73,21
Ghana,1,GK,8.69,77,0
Ghana,2,DF,8.85,66,3
Ghana,3,DF,8.59,97,4
Ghana,4,DF,8.17,71,3
Ghana,5,DF,8.63,117,3
Ghana,6,MF,8.32,20,3
Ghana,7,MF,8.14,13,5
Ghana,8,MF,8.36,93,2
Ghana,9,FW,8.77,17,31
Ghana,10,FW,8.44,102,14
Ghana,11,FW,8.1,14,35
Ghana,12,GK,8.34,82,2
Ghana,13,DF,8.29,90,1
Ghana,14,DF,8.21,101,4
Ghana,15,DF,8.84,102,4
Ghana,16,MF,8.77,18,4
Ghana,17,MF,8.64,119,1
Ghana,18,MF,8.7,87,5
Ghana,19,MF,8.19,70,0
Ghana,20,FW,8.85,59,30
Ghana,21,FW,8.67,50,18
Ghana,22,FW,8.77,87,8
Ghana,23,GK,8.69,72,2
Ghana,24,DF,8.33,61,3
Ghana,25,MF,8.66,37,4
Ghana,26,FW,8.24,116,27
Haiti,1,GK,6.17,21,3
Haiti,2,DF,5.98,75,3
Haiti,3,DF,5.75,20,4
Haiti,4,DF,6.22,82,2
Haiti,5,DF,6.28,119,2
Haiti,6,MF,6.24,47,4
Haiti,7,MF,6.33,6,3
Haiti,8,MF,6.24,28,5
Haiti,9,FW,5.69,20,22
Haiti,10,FW,5.94,41,24
Haiti,11,FW,6.07,5,26
Haiti,12,GK,5.95,67,4
Haiti,13,DF,5.72,24,1
Haiti,14,DF,6.14,85,5
Haiti,15,DF,6.38,41,2
Haiti,16,MF,6.16,36,3
Haiti,17,MF,6.22,11,2
Haiti,18,MF,5.98,91,0
Haiti,19,MF,5.79,49,5
Haiti,20,FW,6.09,23,35
Haiti,21,FW,6.05,35,35
Haiti,22,FW,6.01,36,43
Haiti,23,GK,5.88,36,4
Haiti,24,DF,5.66,25,1
Haiti,25,MF,6.38,93,5
Haiti,26,FW,6.15,18,36
IR Iran,1,GK,7.43,47,0
IR Iran,2,DF,8.16,64,2
IR Iran,3,DF,8.12,12,5
IR Iran,4,DF,7.89,98,0
IR Iran,5,DF,7.97,11,1
IR Iran,6,MF,7.9,87,5
IR Iran,7,MF,7.89,10,2
IR Iran,8,MF,8.12,7,5
IR Iran,9,FW,8.05,29,5
IR Iran,10,FW,7.43,63,44
IR Iran,11,FW,7.75,85,14
IR Iran,12,GK,7.6,16,0
IR Iran,13,DF,8.1,22,5
IR Iran,14,DF,7.67,11,4
IR Iran,15,DF,8.03,58,2
IR Iran,16,MF,7.53,73,1
IR Iran,17,MF,7.92,40,0
IR Iran,18,MF,7.79,31,1
IR Iran,19,MF,7.72,64,4
IR Iran,20,FW,7.73,82,35
IR Iran,21,FW,8.07,52,32
IR Iran,22,FW,8.17,61,26
IR Iran,23,GK,7.74,7,3
IR Iran,24,DF,7.7,23,3
IR Iran,25,MF,7.43,52,2
IR Iran,26,FW,7.86,39,36
Iraq,1,GK,5.99,69,1
Iraq,2,DF,6.23,42,1
Iraq,3,DF,6.39,61,5
Iraq,4,DF,5.89,6,4
Iraq,5,DF,5.97,24,0
Iraq,6,MF,5.71,11,3
Iraq,7,MF,6.33,90,1
Iraq,8,MF,5.79,81,1
Iraq,9,FW,5.74,72,40
Iraq,10,FW,5.99,65,16
Iraq,11,FW,6.01,92,22
Iraq,12,GK,6.07,73,0
Iraq,13,DF,5.91,31,1
Iraq,14,DF,6.29,8,0
Iraq,15,DF,6.22,59,3
Iraq,16,MF,6.38,50,2
Iraq,17,MF,6.31,17,1
Iraq,18,MF,5.96,79,5
Iraq,19,MF,5.72,8,3
Iraq,20,FW,6.07,79,3
Iraq,21,FW,5.8,87,30
Iraq,22,FW,5.63,40,39
Iraq,23,GK,6.03,52,0
Iraq,24,DF,6.16,59,3
Iraq,25,MF,6.29,9,3
Iraq,26,FW,6.03,23,16
Japan,1,GK,9.11,40,3
Japan,2,DF,9.11,4,2
Japan,3,DF,9.43,62,4
Japan,4,DF,9.15,54,5
Japan,5,DF,9.62,23,4
Japan,6,MF,9.45,46,5
Japan,7,MF,9.83,53,4
Japan,8,MF,9.76,98,2
Japan,9,FW,9.46,47,40
Japan,10,FW,9.18,48,18
Japan,11,FW,9.82,11,23
Japan,12,GK,9.14,11,4
Japan,13,DF,9.42,8,5
Japan,14,DF,9.27,68,1
Japan,15,DF,9.37,33,1
Japan,16,MF,9.26,29,0
Japan,17,MF,9.09,75,0
Japan,18,MF,9.62,36,0
Japan,19,MF,9.24,83,5
Japan,20,FW,9.38,72,43
Japan,21,FW,9.15,95,4
Japan,22,FW,9.87,73,11
Japan,23,GK,9.76,92,4
Japan,24,DF,9.69,80,0
Japan,25,MF,9.15,101,4
Japan,26,FW,9.68,7,40
Jordan,1,GK,5.95,101,1
Jordan,2,DF,6.3,26,2
Jordan,3,DF,6.3,4,5
Jordan,4,DF,6.04,92,4
Jordan,5,DF,5.86,79,1
Jordan,6,MF,5.92,24,2
Jordan,7,MF,5.91,92,0
Jordan,8,MF,5.79,116,2
Jordan,9,FW,5.78,93,13
Jordan,10,FW,6.08,113,16
Jordan,11,FW,6.1,49,11
Jordan,12,GK,5.9,29,1
Jordan,13,DF,5.98,96,1
Jordan,14,DF,5.69,8,1
Jordan,15,DF,6.02,82,3
Jordan,16,MF,5.98,46,5
Jordan,17,MF,6.2,111,2
Jordan,18,MF,6.02,24,2
Jordan,19,MF,5.61,50,4
Jordan,20,FW,6.32,28,38
Jordan,21,FW,6.34,18,6
Jordan,22,FW,6.35,89,21
Jordan,23,GK,5.68,71,4
Jordan,24,DF,5.83,30,4
Jordan,25,MF,6.24,38,1
Jordan,26,FW,6.09,21,4
Korea Republic,1,GK,7.47,7,1
Korea Republic,2,DF,7.35,78,3
Korea Republic,3,DF,7.4,16,0
Korea Republic,4,DF,7.7,45,3
Korea Republic,5,DF,7.59,10,5
Korea Republic,6,MF,7.69,48,1
Korea Republic,7,MF,7.34,16,5
Korea Republic,8,MF,7.91,89,3
Korea Republic,9,FW,7.43,12,17
Korea Republic,10,FW,7.74,45,10
Korea Republic,11,FW,7.87,52,28
Korea Republic,12,GK,7.45,71,1
Korea Republic,13,DF,7.84,103,3
Korea Republic,14,DF,7.79,92,1
Korea Republic,15,DF,7.86,77,0
Korea Republic,16,MF,7.59,72,0
Korea Republic,17,MF,7.84,101,0
Korea Republic,18,MF,7.42,84,5
Korea Republic,19,MF,7.27,18,2
Korea Republic,20,FW,7.74,35,13
Korea Republic,21,FW,7.44,81,15
Korea Republic,22,FW,7.73,28,4
Korea Republic,23,GK,7.47,10,4
Korea Republic,24,DF,7.79,45,5
Korea Republic,25,MF,7.61,44,0
Korea Republic,26,FW,7.26,27,21
Mexico,1,GK,9.88,105,1
Mexico,2,DF,10.0,112,5
Mexico,3,DF,9.61,104,0
Mexico,4,DF,9.88,76,0
Mexico,5,DF,9.58,44,3
Mexico,6,MF,9.75,63,1
Mexico,7,MF,9.94,47,2
Mexico,8,MF,9.91,11,5
Mexico,9,FW,9.87,70,5
Mexico,10,FW,9.55,5,25
Mexico,11,FW,9.7,105,19
Mexico,12,GK,10.0,90,5
Mexico,13,DF,9.67,25,3
Mexico,14,DF,9.47,72,4
Mexico,15,DF,9.91,50,0
Mexico,16,MF,9.54,109,5
Mexico,17,MF,9.74,58,3
Mexico,18,MF,9.68,15,3
Mexico,19,MF,9.78,33,4
Mexico,20,FW,9.5,118,42
Mexico,21,FW,9.42,87,42
Mexico,22,FW,10.0,68,32
Mexico,23,GK,9.82,73,5
Mexico,24,DF,9.47,106,0
Mexico,25,MF,9.89,79,5
Mexico,26,FW,9.53,17,38
Morocco,1,GK,9.64,117,4
Morocco,2,DF,9.69,88,1
Morocco,3,DF,10.0,76,0
Morocco,4,DF,9.64,55,5
Morocco,5,DF,9.76,71,1
Morocco,6,MF,9.81,38,5
Morocco,7,MF,9.8,89,3
Morocco,8,MF,10.0,109,3
Morocco,9,FW,10.0,45,40
Morocco,10,FW,10.0,38,32
Morocco,11,FW,10.0,33,16
Morocco,12,GK,10.0,83,3
Morocco,13,DF,10.0,18,4
Morocco,14,DF,9.42,94,1
Morocco,15,DF,9.58,81,3
Morocco,16,MF,9.86,13,0
Morocco,17,MF,9.86,57,0
Morocco,18,MF,10.0,17,0
Morocco,19,MF,9.89,57,5
Morocco,20,FW,9.54,6,37
Morocco,21,FW,9.72,28,15
Morocco,22,FW,9.69,11,23
Morocco,23,GK,9.42,28,3
Morocco,24,DF,9.46,15,3
Morocco,25,MF,9.65,81,3
Morocco,26,FW,9.75,63,8
Netherlands,1,GK,9.4,46,5
Netherlands,2,DF,9.88,26,2
Netherlands,3,DF,9.71,8,2
Netherlands,4,DF,9.55,92,1
Netherlands,5,DF,9.79,53,4
Netherlands,6,MF,9.9,82,0
Netherlands,7,MF,9.74,12,2
Netherlands,8,MF,9.46,31,5
Netherlands,9,FW,9.61,10,18
Netherlands,10,FW,9.95,100,6
Netherlands,11,FW,9.91,43,19
Netherlands,12,GK,9.59,55,4
Netherlands,13,DF,9.9,41,1
Netherlands,14,DF,9.5,119,5
Netherlands,15,DF,9.92,102,2
Netherlands,16,MF,9.73,17,4
Netherlands,17,MF,9.71,8,5
Netherlands,18,MF,9.6,65,2
Netherlands,19,MF,9.73,105,4
Netherlands,20,FW,10.0,61,41
Netherlands,21,FW,9.9,16,23
Netherlands,22,FW,10.0,112,23
Netherlands,23,GK,9.56,104,4
Netherlands,24,DF,9.43,84,2
Netherlands,25,MF,9.61,14,4
Netherlands,26,FW,10.0,58,28
New Zealand,1,GK,5.7,37,3
New Zealand,2,DF,5.79,85,2
New Zealand,3,DF,5.9,55,4
New Zealand,4,DF,5.97,24,1
New Zealand,5,DF,6.31,108,0
New Zealand,6,MF,6.13,44,0
New Zealand,7,MF,6.25,51,4
New Zealand,8,MF,5.82,117,1
New Zealand,9,FW,5.8,107,23
New Zealand,10,FW,6.26,37,10
New Zealand,11,FW,6.32,75,17
New Zealand,12,GK,6.31,90,4
New Zealand,13,DF,5.72,35,3
New Zealand,14,DF,6.01,104,4
New Zealand,15,DF,5.63,90,2
New Zealand,16,MF,6.13,54,2
New Zealand,17,MF,5.61,8,3
New Zealand,18,MF,6.19,61,5
New Zealand,19,MF,6.39,55,2
New Zealand,20,FW,6.13,31,7
New Zealand,21,FW,6.04,99,10
New Zealand,22,FW,5.81,41,34
New Zealand,23,GK,6.01,84,0
New Zealand,24,DF,6.38,82,1
New Zealand,25,MF,5.61,39,5
New Zealand,26,FW,5.81,108,43
Norway,1,GK,9.92,65,1
Norway,2,DF,9.41,39,3
Norway,3,DF,9.53,5,5
Norway,4,DF,9.54,35,3
Norway,5,DF,9.28,13,0
Norway,6,MF,9.89,58,0
Norway,7,MF,9.45,62,5
Norway,8,MF,9.5,92,1
Norway,9,FW,9.9,33,22
Norway,10,FW,9.25,35,23
Norway,11,FW,9.38,35,32
Norway,12,GK,9.84,116,3
Norway,13,DF,9.89,21,4
Norway,14,DF,9.75,24,5
Norway,15,DF,9.82,107,5
Norway,16,MF,9.77,111,2
Norway,17,MF,9.41,25,2
Norway,18,MF,9.37,95,4
Norway,19,MF,9.73,5,4
Norway,20,FW,9.7,55,29
Norway,21,FW,9.92,82,25
Norway,22,FW,9.82,80,24
Norway,23,GK,9.58,64,0
Norway,24,DF,9.56,66,5
Norway,25,MF,9.6,32,5
Norway,26,FW,9.85,114,27
Panama,1,GK,6.21,114,1
Panama,2,DF,6.05,75,0
Panama,3,DF,6.19,6,0
Panama,4,DF,5.82,102,1
Panama,5,DF,6.13,92,1
Panama,6,MF,6.19,49,2
Panama,7,MF,5.75,44,4
Panama,8,MF,6.03,39,5
Panama,9,FW,6.28,61,14
Panama,10,FW,6.2,17,36
Panama,11,FW,6.21,23,13
Panama,12,GK,6.21,98,5
Panama,13,DF,6.3,104,1
Panama,14,DF,5.89,7,3
Panama,15,DF,6.22,102,1
Panama,16,MF,5.91,88,5
Panama,17,MF,6.16,24,1
Panama,18,MF,6.1,7,3
Panama,19,MF,6.24,23,0
Panama,20,FW,6.07,7,31
Panama,21,FW,6.11,91,39
Panama,22,FW,6.06,58,6
Panama,23,GK,5.64,27,1
Panama,24,DF,6.08,22,3
Panama,25,MF,6.26,52,5
Panama,26,FW,5.72,27,14
Paraguay,1,GK,8.26,105,4
Paraguay,2,DF,8.26,67,2
Paraguay,3,DF,7.99,103,5
Paraguay,4,DF,7.9,58,0
Paraguay,5,DF,7.7,119,0
Paraguay,6,MF,8.11,50,2
Paraguay,7,MF,8.22,48,0
Paraguay,8,MF,7.97,7,3
Paraguay,9,FW,8.26,94,17
Paraguay,10,FW,7.96,81,13
Paraguay,11,FW,8.23,93,18
Paraguay,12,GK,7.8,119,4
Paraguay,13,DF,8.42,6,4
Paraguay,14,DF,8.19,97,5
Paraguay,15,DF,8.1,73,0
Paraguay,16,MF,8.38,54,4
Paraguay,17,MF,7.68,38,5
Paraguay,18,MF,7.81,72,4
Paraguay,19,MF,8.0,87,0
Paraguay,20,FW,7.98,67,7
Paraguay,21,FW,8.2,93,6
Paraguay,22,FW,7.67,42,37
Paraguay,23,GK,7.98,60,3
Paraguay,24,DF,8.25,57,5
Paraguay,25,MF,8.12,63,0
Paraguay,26,FW,8.23,27,27
Portugal,1,GK,9.45,33,3
Portugal,2,DF,8.72,89,3
Portugal,3,DF,8.9,58,3
Portugal,4,DF,9.31,13,5
Portugal,5,DF,9.03,92,4
Portugal,6,MF,8.9,76,4
Portugal,7,MF,9.37,110,3
Portugal,8,MF,9.18,110,0
Portugal,9,FW,8.96,53,35
Portugal,10,FW,9.3,73,17
Portugal,11,FW,8.7,78,22
Portugal,12,GK,8.79,51,4
Portugal,13,DF,8.73,111,5
Portugal,14,DF,9.27,61,4
Portugal,15,DF,8.89,6,1
Portugal,16,MF,8.84,52,2
Portugal,17,MF,8.93,88,3
Portugal,18,MF,8.96,44,0
Portugal,19,MF,8.8,71,1
Portugal,20,FW,8.75,89,35
Portugal,21,FW,9.1,64,36
Portugal,22,FW,9.01,46,43
Portugal,23,GK,9.32,52,0
Portugal,24,DF,9.17,113,5
Portugal,25,MF,9.36,77,4
Portugal,26,FW,8.8,25,4
Qatar,1,GK,5.68,19,2
Qatar,2,DF,6.12,89,3
Qatar,3,DF,5.65,43,5
Qatar,4,DF,6.25,13,2
Qatar,5,DF,5.64,66,0
Qatar,6,MF,5.76,10,4
Qatar,7,MF,5.73,71,5
Qatar,8,MF,6.2,18,4
Qatar,9,FW,6.13,119,30
Qatar,10,FW,5.8,108,42
Qatar,11,FW,6.39,29,4
Qatar,12,GK,5.65,6,3
Qatar,13,DF,6.03,119,2
Qatar,14,DF,5.68,55,0
Qatar,15,DF,5.92,46,2
Qatar,16,MF,5.95,14,3
Qatar,17,MF,6.02,27,3
Qatar,18,MF,6.23,39,4
Qatar,19,MF,6.11,58,0
Qatar,20,FW,5.92,51,42
Qatar,21,FW,6.02,63,22
Qatar,22,FW,6.05,5,9
Qatar,23,GK,6.09,112,2
Qatar,24,DF,6.32,110,5
Qatar,25,MF,5.71,4,4
Qatar,26,FW,6.19,51,39
Saudi Arabia,1,GK,6.62,73,5
Saudi Arabia,2,DF,6.33,35,0
Saudi Arabia,3,DF,6.91,49,0
Saudi Arabia,4,DF,6.6,24,5
Saudi Arabia,5,DF,6.77,7,3
Saudi Arabia,6,MF,6.97,98,2
Saudi Arabia,7,MF,6.4,30,4
Saudi Arabia,8,MF,6.71,100,3
Saudi Arabia,9,FW,6.84,37,28
Saudi Arabia,10,FW,6.33,8,37
Saudi Arabia,11,FW,6.42,96,11
Saudi Arabia,12,GK,6.92,53,5
Saudi Arabia,13,DF,6.83,47,0
Saudi Arabia,14,DF,6.64,50,3
Saudi Arabia,15,DF,6.63,88,1
Saudi Arabia,16,MF,6.92,79,3
Saudi Arabia,17,MF,6.69,115,4
Saudi Arabia,18,MF,6.36,93,5
Saudi Arabia,19,MF,6.84,38,3
Saudi Arabia,20,FW,6.99,54,20
Saudi Arabia,21,FW,6.87,60,25
Saudi Arabia,22,FW,6.76,25,19
Saudi Arabia,23,GK,6.94,14,5
Saudi Arabia,24,DF,7.05,38,0
Saudi Arabia,25,MF,6.37,19,1
Saudi Arabia,26,FW,6.53,43,30
Scotland,1,GK,7.5,73,0
Scotland,2,DF,7.47,4,2
Scotland,3,DF,7.51,28,5
Scotland,4,DF,7.24,24,2
Scotland,5,DF,7.56,56,5
Scotland,6,MF,7.56,103,3
Scotland,7,MF,7.14,12,2
Scotland,8,MF,7.0,82,1
Scotland,9,FW,7.47,9,29
Scotland,10,FW,7.4,94,36
Scotland,11,FW,7.31,41,16
Scotland,12,GK,7.64,75,5
Scotland,13,DF,7.25,33,5
Scotland,14,DF,7.33,116,0
Scotland,15,DF,7.29,17,1
Scotland,16,MF,7.72,25,0
Scotland,17,MF,7.18,54,2
Scotland,18,MF,7.55,76,3
Scotland,19,MF,6.96,74,5
Scotland,20,FW,7.53,22,16
Scotland,21,FW,7.12,56,38
Scotland,22,FW,7.03,33,11
Scotland,23,GK,6.96,55,0
Scotland,24,DF,7.61,56,2
Scotland,25,MF,7.13,81,5
Scotland,26,FW,7.43,71,30
Senegal,1,GK,8.38,108,4
Senegal,2,DF,8.17,44,4
Senegal,3,DF,8.37,51,5
Senegal,4,DF,8.04,14,5
Senegal,5,DF,8.38,24,4
Senegal,6,MF,7.9,104,2
Senegal,7,MF,8.09,76,4
Senegal,8,MF,7.73,38,0
Senegal,9,FW,7.75,99,3
Senegal,10,FW,7.72,90,42
Senegal,11,FW,7.95,79,17
Senegal,12,GK,8.18,29,3
Senegal,13,DF,8.05,107,4
Senegal,14,DF,8.21,23,0
Senegal,15,DF,8.26,7,3
Senegal,16,MF,7.78,25,3
Senegal,17,MF,8.09,89,3
Senegal,18,MF,8.46,37,2
Senegal,19,MF,8.29,4,5
Senegal,20,FW,7.76,28,20
Senegal,21,FW,7.99,15,8
Senegal,22,FW,7.74,11,21
Senegal,23,GK,7.92,68,0
Senegal,24,DF,7.97,116,2
Senegal,25,MF,7.86,38,4
Senegal,26,FW,8.08,52,15
South Africa,1,GK,8.21,52,5
South Africa,2,DF,7.82,11,2
South Africa,3,DF,8.46,100,1
South Africa,4,DF,8.15,52,5
South Africa,5,DF,8.1,57,5
South Africa,6,MF,8.01,91,4
South Africa,7,MF,8.01,20,4
South Africa,8,MF,8.06,42,0
South Africa,9,FW,7.81,67,13
South Africa,10,FW,7.82,14,15
South Africa,11,FW,8.53,48,3
South Africa,12,GK,8.1,22,3
South Africa,13,DF,8.49,64,4
South Africa,14,DF,7.99,64,0
South Africa,15,DF,8.44,106,3
South Africa,16,MF,8.44,11,0
South Africa,17,MF,8.29,90,5
South Africa,18,MF,7.99,90,0
South Africa,19,MF,8.27,85,1
South Africa,20,FW,7.87,97,35
South Africa,21,FW,8.15,85,39
South Africa,22,FW,7.88,31,42
South Africa,23,GK,8.38,100,3
South Africa,24,DF,7.85,18,0
South Africa,25,MF,8.54,66,4
South Africa,26,FW,8.33,69,13
Spain,1,GK,9.88,17,1
Spain,2,DF,9.51,76,0
Spain,3,DF,9.52,6,3
Spain,4,DF,9.91,5,4
Spain,5,DF,9.45,19,5
Spain,6,MF,9.51,84,0
Spain,7,MF,9.74,38,2
Spain,8,MF,9.79,48,1
Spain,9,FW,10.0,65,33
Spain,10,FW,9.77,27,40
Spain,11,FW,10.0,57,20
Spain,12,GK,9.72,48,0
Spain,13,DF,9.65,33,3
Spain,14,DF,9.58,35,2
Spain,15,DF,9.76,47,0
Spain,16,MF,9.74,107,2
Spain,17,MF,9.87,60,5
Spain,18,MF,9.96,36,1
Spain,19,MF,9.53,40,3
Spain,20,FW,9.44,68,3
Spain,21,FW,10.0,22,31
Spain,22,FW,9.81,21,30
Spain,23,GK,9.41,114,2
Spain,24,DF,9.73,52,0
Spain,25,MF,9.94,72,1
Spain,26,FW,10.0,59,14
Sweden,1,GK,8.38,34,3
Sweden,2,DF,8.07,53,4
Sweden,3,DF,8.12,91,2
Sweden,4,DF,8.36,48,3
Sweden,5,DF,8.01,49,5
Sweden,6,MF,8.67,94,1
Sweden,7,MF,8.25,9,2
Sweden,8,MF,8.05,33,1
Sweden,9,FW,8.65,40,44
Sweden,10,FW,8.23,38,25
Sweden,11,FW,8.29,21,11
Sweden,12,GK,8.72,80,2
Sweden,13,DF,8.7,119,0
Sweden,14,DF,8.24,115,5
Sweden,15,DF,8.37,40,0
Sweden,16,MF,8.38,37,4
Sweden,17,MF,8.54,90,2
Sweden,18,MF,8.22,101,4
Sweden,19,MF,8.09,116,4
Sweden,20,FW,8.21,111,23
Sweden,21,FW,8.71,106,6
Sweden,22,FW,8.21,95,26
Sweden,23,GK,8.73,16,1
Sweden,24,DF,8.32,54,4
Sweden,25,MF,8.73,85,5
Sweden,26,FW,8.39,22,39
Switzerland,1,GK,9.98,11,3
Switzerland,2,DF,10.0,104,3
Switzerland,3,DF,10.0,67,2
Switzerland,4,DF,10.0,14,5
Switzerland,5,DF,9.83,15,5
Switzerland,6,MF,9.5,14,3
Switzerland,7,MF,9.45,59,3
Switzerland,8,MF,9.77,15,5
Switzerland,9,FW,9.52,22,28
Switzerland,10,FW,10.0,111,34
Switzerland,11,FW,9.79,58,38
Switzerland,12,GK,9.63,36,5
Switzerland,13,DF,10.0,18,2
Switzerland,14,DF,9.81,118,1
Switzerland,15,DF,9.98,56,5
Switzerland,16,MF,9.76,95,2
Switzerland,17,MF,9.88,114,3
Switzerland,18,MF,10.0,38,0
Switzerland,19,MF,9.45,48,0
Switzerland,20,FW,9.91,100,34
Switzerland,21,FW,9.59,66,40
Switzerland,22,FW,9.6,72,15
Switzerland,23,GK,10.0,64,1
Switzerland,24,DF,9.78,96,5
Switzerland,25,MF,9.98,57,1
Switzerland,26,FW,9.51,24,18
Tunisia,1,GK,6.26,44,2
Tunisia,2,DF,5.77,60,5
Tunisia,3,DF,5.61,22,1
Tunisia,4,DF,6.14,116,5
Tunisia,5,DF,5.61,68,3
Tunisia,6,MF,6.27,4,4
Tunisia,7,MF,5.6,11,4
Tunisia,8,MF,6.26,76,0
Tunisia,9,FW,6.28,69,42
Tunisia,10,FW,5.92,37,16
Tunisia,11,FW,5.93,33,33
Tunisia,12,GK,5.65,102,2
Tunisia,13,DF,6.11,80,4
Tunisia,14,DF,6.16,48,4
Tunisia,15,DF,5.68,105,1
Tunisia,16,MF,5.66,37,1
Tunisia,17,MF,5.79,105,3
Tunisia,18,MF,5.72,93,4
Tunisia,19,MF,6.13,34,3
Tunisia,20,FW,6.29,70,10
Tunisia,21,FW,5.83,58,29
Tunisia,22,FW,5.62,106,41
Tunisia,23,GK,5.78,108,5
Tunisia,24,DF,6.38,24,2
Tunisia,25,MF,5.89,60,0
Tunisia,26,FW,5.7,84,25
Türkiye,1,GK,7.79,77,1
Türkiye,2,DF,7.76,57,3
Türkiye,3,DF,7.61,117,5
Türkiye,4,DF,7.47,113,3
Türkiye,5,DF,7.34,82,5
Türkiye,6,MF,7.55,7,4
Türkiye,7,MF,7.83,11,1
Türkiye,8,MF,7.42,34,5
Türkiye,9,FW,7.81,101,13
Türkiye,10,FW,7.32,52,17
Türkiye,11,FW,7.18,116,31
Türkiye,12,GK,7.14,99,5
Türkiye,13,DF,7.67,90,1
Türkiye,14,DF,7.47,9,4
Türkiye,15,DF,7.85,67,4
Türkiye,16,MF,7.84,68,2
Türkiye,17,MF,7.32,30,1
Türkiye,18,MF,7.35,103,1
Türkiye,19,MF,7.81,16,2
Türkiye,20,FW,7.83,115,14
Türkiye,21,FW,7.64,20,25
Türkiye,22,FW,7.5,36,29
Türkiye,23,GK,7.78,58,1
Türkiye,24,DF,7.21,88,4
Türkiye,25,MF,7.8,104,0
Türkiye,26,FW,7.32,14,19
United States,1,GK,9.94,28,5
United States,2,DF,9.62,87,2
United States,3,DF,9.91,40,1
United States,4,DF,9.48,51,3
United States,5,DF,10.0,102,1
United States,6,MF,9.91,102,3
United States,7,MF,9.4,74,0
United States,8,MF,9.55,104,4
United States,9,FW,9.73,5,18
United States,10,FW,9.7,41,13
United States,11,FW,9.98,89,35
United States,12,GK,10.0,90,4
United States,13,DF,9.43,12,3
United States,14,DF,9.99,31,5
United States,15,DF,9.92,24,3
United States,16,MF,9.97,57,0
United States,17,MF,10.0,110,2
United States,18,MF,9.93,52,5
United States,19,MF,10.0,56,3
United States,20,FW,9.48,77,15
United States,21,FW,9.7,27,4
United States,22,FW,9.42,103,16
United States,23,GK,9.73,28,2
United States,24,DF,9.72,20,3
United States,25,MF,9.88,27,4
United States,26,FW,9.77,103,28
Uruguay,1,GK,7.26,87,3
Uruguay,2,DF,6.93,84,3
Uruguay,3,DF,7.5,30,5
Uruguay,4,DF,6.73,62,5
Uruguay,5,DF,7.01,40,5
Uruguay,6,MF,7.07,99,4
Uruguay,7,MF,6.99,58,1
Uruguay,8,MF,6.9,60,5
Uruguay,9,FW,7.17,83,38
Uruguay,10,FW,7.16,103,11
Uruguay,11,FW,7.15,11,35
Uruguay,12,GK,7.2,75,4
Uruguay,13,DF,7.04,7,2
Uruguay,14,DF,7.28,32,1
Uruguay,15,DF,7.2,80,3
Uruguay,16,MF,7.1,93,3
Uruguay,17,MF,7.48,12,4
Uruguay,18,MF,7.14,87,1
Uruguay,19,MF,7.23,35,3
Uruguay,20,FW,7.34,20,28
Uruguay,21,FW,6.87,109,28
Uruguay,22,FW,7.39,48,21
Uruguay,23,GK,6.83,56,3
Uruguay,24,DF,7.03,31,2
Uruguay,25,MF,6.92,52,3
Uruguay,26,FW,6.99,57,33
Uzbekistan,1,GK,6.17,117,1
Uzbekistan,2,DF,5.72,8,3
Uzbekistan,3,DF,6.1,78,5
Uzbekistan,4,DF,5.93,41,2
Uzbekistan,5,DF,6.21,99,4
Uzbekistan,6,MF,6.36,49,4
Uzbekistan,7,MF,6.1,65,5
Uzbekistan,8,MF,6.21,81,1
Uzbekistan,9,FW,5.74,98,32
Uzbekistan,10,FW,6.05,9,31
Uzbekistan,11,FW,5.99,112,35
Uzbekistan,12,GK,5.71,78,4
Uzbekistan,13,DF,6.02,98,3
Uzbekistan,14,DF,6.13,44,3
Uzbekistan,15,DF,6.36,51,2
Uzbekistan,16,MF,6.38,79,2
Uzbekistan,17,MF,5.97,21,2
Uzbekistan,18,MF,5.74,105,5
Uzbekistan,19,MF,5.61,9,3
Uzbekistan,20,FW,6.26,32,36
Uzbekistan,21,FW,6.16,46,18
Uzbekistan,22,FW,6.38,11,15
Uzbekistan,23,GK,6.28,97,3
Uzbekistan,24,DF,5.8,68,2
Uzbekistan,25,MF,6.13,62,3
Uzbekistan,26,FW,6.05,89,31
